Country,Place,Latitude,Longitude,January,February,March,April,May,June,July,August,September,October,November,December
Albania,Durres,41.33,19.45,6.62,9.43,14.15,18.72,23.87,27.32,27.68,24.08,17.82,11.41,7.24,5.62
Albania,Elbasan,41.12,20.09,6.55,8.82,12.89,15.66,20.38,23.90,24.73,21.71,15.66,10.44,6.73,5.44
Albania,Tirana,41.33,19.82,6.55,8.82,12.89,15.66,20.38,23.90,24.73,21.71,15.66,10.44,6.73,5.44
Agentina,"Azul Centro (UNICEN)",-36.77,-59.88,24.60,24.50,18.80,13.70,8.90,6.30,7.70,10.40,14.80,20.00,23.20,24.70
Armenia,Abovyan,40.27,44.62,6.48,9.11,12.06,14.98,18.07,20.88,20.66,18.83,16.09,11.09,7.27,5.51
Armenia,Ararat,39.85,44.70,6.48,9.11,12.06,14.98,18.07,20.88,20.66,18.83,16.09,11.09,7.27,5.51
Armenia,Gyumri,40.78,43.83,6.44,9.14,12.31,15.12,17.89,20.12,19.98,17.96,14.90,10.80,7.13,5.40
Armenia,Hrazdan,40.50,44.75,6.48,9.11,12.06,14.98,18.07,20.88,20.66,18.83,16.09,11.09,7.27,5.51
Armenia,Kapan,39.20,46.40,6.37,8.78,11.84,14.94,18.36,21.89,22.18,19.73,16.67,11.63,7.63,5.54
Armenia,Vagharshapat,40.16,44.29,6.52,9.07,12.28,15.70,19.19,23.04,23.22,21.02,17.57,12.06,7.70,5.62
Armenia,Vanadzor,40.80,44.49,6.44,9.14,12.31,15.12,17.89,20.12,19.98,17.96,14.90,10.80,7.13,5.40
Armenia,Yerevan,40.17,44.52,6.48,9.11,12.06,14.98,18.07,20.88,20.66,18.83,16.09,11.09,7.27,5.51
Austalia,"Adelaide Arpt",-34.93,138.52,27.89,25.18,20.34,13.51,9.69,7.94,8.35,12.34,16.71,21.93,25.70,27.32
Austalia,"Alice Springs Arpt",-23.80,133.90,28.76,26.41,24.61,21.52,16.61,14.49,16.59,19.29,23.27,26.09,26.73,27.18
Austalia,"Broome Arpt",-17.95,122.22,24.21,22.01,21.56,21.68,18.33,17.22,18.21,21.19,23.82,26.36,27.94,25.80
Austalia,"Cairns Arpt",-16.88,145.75,22.16,19.33,18.61,16.62,16.17,14.93,16.23,18.41,21.89,23.30,21.42,21.75
Austalia,"Cape Grim",-40.67,144.68,25.13,20.95,16.65,11.37,6.92,5.51,6.11,9.15,13.26,19.20,23.20,25.82
Austalia,"Cocos Island",-12.18,96.88,27.25,22.92,19.89,18.62,18.31,15.82,16.77,18.39,21.46,23.51,21.88,26.42
Austalia,"Darwin Arpt",-12.40,130.88,19.12,16.43,19.81,21.36,19.75,19.21,20.06,21.62,22.96,22.20,21.81,19.17
Austalia,"Geraldton Arpt",-28.78,114.70,29.37,27.28,22.84,17.76,12.70,11.48,12.01,15.35,19.90,25.00,28.40,30.60
Austalia,"Kalgoorlie Arpt",-30.77,121.45,27.55,24.67,20.44,16.41,11.96,10.90,11.50,15.10,19.97,24.95,26.73,29.79
Austalia,"Learmonth Arpt",-22.23,114.08,29.89,28.38,24.11,20.31,16.25,15.34,15.48,19.97,24.36,28.20,30.55,31.30
Austalia,"Melbourne Arpt",-37.67,144.83,23.57,20.81,17.35,12.18,8.15,6.39,7.20,10.09,14.09,18.39,21.37,23.98
Austalia,"Mildura Arpt",-34.23,142.08,29.39,25.31,22.09,16.26,10.74,8.84,9.53,13.01,17.45,22.79,26.42,29.33
Austalia,"Mount Gambier Arpt",-36.27,140.78,24.65,21.36,16.69,11.82,7.66,6.40,6.99,9.85,13.52,17.81,22.21,24.46
Austalia,"Rockhampton Arpt",-23.38,150.47,23.84,21.81,21.66,17.88,15.10,13.07,14.83,17.24,21.19,23.05,24.78,25.37
Austalia,"Tennant Creek Arpt",-19.63,134.17,25.33,23.52,23.66,21.82,19.48,17.00,18.31,21.21,23.69,24.14,25.11,24.51
Austalia,"Wagga Wagga Arpt",-35.15,147.45,27.98,24.94,21.12,15.13,10.54,7.49,8.14,11.90,16.75,22.22,25.28,28.67
BosniaHerzegovina,"Banja Luka",44.78,17.19,4.75,8.06,11.84,15.05,19.33,20.63,21.82,19.15,13.46,8.06,4.82,3.92
BosniaHerzegovina,Sarajevo,43.85,18.38,5.08,7.78,11.23,14.18,17.89,19.98,21.02,18.76,13.28,8.46,5.11,4.18
Bulgaria,"Sofia Obs.",42.65,23.38,4.68,8.02,11.43,15.38,19.08,21.46,21.21,18.37,13.20,9.42,5.83,3.56
Canada,Abbotsford,49.06,-122.30,3.96,7.06,11.38,15.84,18.58,19.33,20.12,17.60,13.10,7.67,4.54,3.31
Canada,Alert,82.50,-62.33,0.00,0.01,1.92,10.81,22.71,25.02,17.31,9.29,3.48,0.16,0.00,0.00
Canada,Barrie,44.38,-79.68,4.50,7.34,10.48,15.01,18.36,20.66,20.59,17.57,13.39,8.50,4.93,3.78
Canada,Belleville,44.17,-77.38,4.79,7.81,11.02,15.41,18.25,20.30,20.34,17.57,13.36,8.68,5.18,4.00
Canada,Brandon,49.84,-99.96,4.07,7.20,11.52,15.95,19.19,20.38,20.88,17.28,12.02,7.78,4.61,3.17
Canada,Brantford,43.15,-80.26,5.04,8.06,11.41,15.19,18.32,20.66,20.56,17.60,13.64,8.89,5.36,4.10
Canada,Calgary,51.05,-114.06,3.56,6.44,10.80,16.24,18.90,20.09,21.06,17.46,12.24,7.78,4.36,2.95
Canada,Charlottetown,46.24,-63.14,4.97,7.20,11.27,15.34,19.98,21.38,21.56,18.86,13.97,8.35,4.72,3.92
Canada,Chicoutimi-Jonquiere,48.43,-71.08,4.72,7.70,11.84,16.13,18.25,19.08,17.71,15.73,11.02,6.66,4.68,3.82
Canada,Chilliwack,49.17,-121.96,3.96,7.06,11.38,15.84,18.58,19.33,20.12,17.60,13.10,7.67,4.54,3.31
Canada,Drummondville,45.89,-72.49,5.26,8.28,12.17,15.88,17.89,19.44,18.58,16.81,12.20,7.52,5.04,4.32
Canada,"Edmonton - Stony Plain",53.55,-114.10,3.41,7.09,12.74,17.97,20.36,21.38,21.93,18.30,13.64,7.23,3.77,2.67
Canada,"Egbert Care",44.23,-79.78,5.22,9.28,13.64,16.08,20.45,20.76,21.97,19.43,14.40,9.36,5.21,4.43
Canada,Eureka,79.98,-85.93,0.00,0.06,2.59,11.98,21.50,21.24,19.20,9.66,3.59,0.40,0.00,0.00
Canada,Fredericton,45.87,-66.53,5.03,7.76,12.49,14.82,16.61,18.82,19.71,17.97,11.19,8.55,5.19,4.22
Canada,Granby,45.41,-72.73,5.36,8.60,12.46,15.59,18.11,19.94,19.69,17.50,13.03,8.10,5.18,4.50
Canada,"Grande Prairie",55.18,-118.80,2.38,4.97,9.79,15.80,18.83,20.84,20.52,17.10,11.41,6.66,3.35,1.91
Canada,Guelph,43.56,-80.26,4.50,7.34,10.48,15.01,18.36,20.66,20.59,17.57,13.39,8.50,4.93,3.78
Canada,Halifax,44.67,-63.61,5.47,8.06,11.92,14.54,17.17,18.83,18.76,16.67,12.74,8.32,5.00,4.43
Canada,Hamilton,43.26,-79.85,5.04,8.06,11.41,15.19,18.32,20.66,20.56,17.60,13.64,8.89,5.36,4.10
Canada,"Happy Valley-Goose Bay",53.34,-60.40,3.20,5.90,9.86,14.80,17.64,16.96,15.84,14.08,9.40,5.90,3.67,2.38
Canada,Inuvik,68.37,-133.73,0.07,1.22,5.40,12.10,17.86,22.61,19.15,13.10,7.38,2.70,0.29,0.00
Canada,Kamloops,50.68,-120.34,3.60,6.55,10.87,15.98,19.08,20.30,19.73,17.03,12.46,7.24,4.21,2.95
Canada,Kanata,45.34,-75.88,5.33,8.53,12.56,15.91,18.29,20.16,20.05,17.50,12.96,8.24,5.33,4.43
Canada,Kangerdlinerk,62.82,-92.12,0.50,2.20,5.72,12.24,17.82,20.99,20.84,14.40,8.53,3.85,0.97,0.18
Canada,Kelowna,49.89,-119.46,3.74,6.80,11.27,15.66,18.14,19.48,20.77,17.86,13.07,7.27,4.00,3.06
Canada,Kingston,44.23,-76.50,5.22,8.50,11.95,15.44,18.11,20.16,20.20,17.57,13.25,8.53,5.33,4.36
Canada,Kitchener,43.46,-80.50,5.04,8.06,11.41,15.19,18.32,20.66,20.56,17.60,13.64,8.89,5.36,4.10
Canada,"La Grande IV",53.75,-73.67,3.50,6.52,12.40,17.59,19.36,20.36,16.70,12.62,7.60,4.90,2.60,2.04
Canada,"Labrador City",52.94,-66.92,3.35,6.34,11.05,16.52,19.12,18.18,16.45,14.08,9.00,5.83,3.96,2.48
Canada,Lethbridge,49.69,-112.83,3.85,6.77,11.27,16.45,19.12,20.48,21.78,18.18,12.74,8.10,4.61,3.17
Canada,London,42.97,-81.24,6.01,9.07,11.99,15.26,18.07,20.56,20.48,17.57,13.86,8.96,5.47,4.57
Canada,"Medicine Hat",50.04,-110.69,3.82,6.70,11.09,16.99,19.73,21.17,22.03,18.58,12.96,8.14,4.54,3.13
Canada,Moncton,46.09,-64.78,5.83,8.86,13.14,16.13,18.14,19.37,19.04,17.46,13.18,8.57,5.29,4.57
Canada,Montreal,45.52,-73.57,5.26,8.50,12.24,16.31,17.96,19.55,18.97,16.92,12.28,7.74,5.22,4.39
Canada,"Moose Jaw",50.39,-105.54,4.28,7.27,11.41,16.49,19.12,20.05,21.56,17.57,12.64,8.10,4.79,3.42
Canada,Nanaimo,49.21,-123.97,3.74,6.84,10.98,15.70,18.79,19.91,20.70,17.78,13.50,7.38,4.39,3.10
Canada,"North Battlefort",52.79,-108.29,3.24,6.19,10.87,15.44,18.65,19.30,19.40,16.70,11.09,6.84,3.71,2.45
Canada,Oshawa,43.89,-78.86,4.64,7.60,10.73,15.26,18.32,20.41,20.34,17.50,13.32,8.64,5.15,3.85
Canada,"Ottawa Arpt",45.32,-75.67,6.35,9.24,13.68,16.43,18.85,22.58,21.82,18.17,13.79,10.24,5.05,4.47
Canada,Pangnirtung,66.13,-65.72,0.14,1.80,5.47,11.70,16.60,18.18,18.18,12.64,7.60,3.02,0.50,0.00
Canada,Peterborough,44.30,-78.34,4.79,7.81,11.12,15.34,18.36,20.34,20.30,17.53,13.36,8.68,5.18,4.00
Canada,"Prince Albert",53.20,-105.75,3.17,6.01,10.76,15.95,18.90,19.76,19.66,16.74,11.12,6.91,3.85,2.45
Canada,"Prince George",53.91,-122.77,2.84,5.87,10.76,16.13,18.65,19.15,18.86,15.88,10.91,6.41,3.46,2.12
Canada,Quebec,46.82,-71.23,5.04,8.17,12.35,15.84,17.46,18.76,17.57,15.80,11.30,7.06,4.79,4.14
Canada,"Red Deer",52.27,-113.83,3.49,6.55,11.12,15.88,18.54,19.55,20.20,16.99,11.74,7.31,4.18,2.81
Canada,Regina,50.45,-104.61,4.28,7.27,11.41,16.49,19.12,20.05,21.56,17.57,12.64,8.10,4.79,3.42
Canada,"Sable Island",43.93,-60.02,3.69,7.32,9.30,16.46,19.15,20.62,18.67,17.99,14.19,8.96,5.00,3.40
Canada,"Saint Catharines-Niagara",43.18,-79.24,4.46,7.42,11.45,15.88,19.40,21.49,21.42,18.58,14.36,9.32,5.47,3.74
Canada,Saint-Jean-sur-Richelieu,45.31,-73.26,5.36,8.60,12.46,15.59,18.11,19.94,19.69,17.50,13.03,8.10,5.18,4.50
Canada,Saint-Jerome,45.78,-74.00,5.26,8.50,12.24,16.31,17.96,19.55,18.97,16.92,12.28,7.74,5.22,4.39
Canada,Sarnia,42.99,-82.40,4.61,7.24,10.98,15.66,18.76,21.20,21.46,18.32,14.33,9.04,5.15,4.00
Canada,Saskatoon,52.15,-106.66,3.64,6.77,11.30,16.06,19.08,19.73,20.38,17.21,11.81,7.38,4.10,2.81
Canada,"Sault Sainte Marie",46.53,-84.35,4.75,8.03,12.46,15.80,18.36,20.05,19.19,16.34,11.63,7.56,4.64,3.74
Canada,"Shearwater - Halifax",44.63,-63.50,4.88,8.41,10.66,15.36,16.54,21.48,18.55,18.03,13.10,8.98,5.93,4.16
Canada,Sherbrooke,45.40,-71.90,5.47,8.42,12.10,14.98,17.53,18.97,18.58,16.85,12.46,7.78,5.11,4.54
Canada,"St Catharines-Niagara",43.18,-79.24,4.46,7.42,11.45,15.88,19.40,21.49,21.42,18.58,14.36,9.32,5.47,3.74
Canada,"St John",45.29,-66.06,5.69,8.39,12.42,15.26,17.46,18.68,18.61,16.88,12.74,8.50,5.36,4.68
Canada,"St John's",47.58,-52.69,4.25,7.16,11.63,14.69,17.17,18.14,18.25,16.13,11.92,7.52,4.46,3.28
Canada,Sudbury,46.49,-81.01,5.15,8.50,12.64,16.49,18.50,20.27,19.84,16.70,12.31,8.06,5.11,4.14
Canada,"Swift Current",50.30,-107.80,4.25,7.24,11.45,16.49,19.04,20.27,21.74,17.89,12.71,8.21,4.75,3.42
Canada,"Thunder Bay",48.42,-89.28,4.14,7.38,12.02,16.27,19.66,20.41,20.12,17.28,12.60,8.17,4.50,3.28
Canada,Toronto,43.67,-79.38,4.58,7.73,12.34,15.45,18.88,21.07,21.52,18.72,14.23,9.64,5.14,4.17
Canada,Trois-Riieres,46.35,-72.57,5.26,8.50,12.24,16.31,17.96,19.55,18.97,16.92,12.28,7.74,5.22,4.39
Canada,Vancouver,49.28,-123.13,3.74,6.84,10.98,1.57,18.79,19.91,20.70,17.78,13.50,7.38,4.39,3.10
Canada,Victoria,48.43,-123.37,3.46,6.41,10.22,14.65,18.29,20.05,21.20,18.65,13.90,7.70,4.14,2.88
Canada,"White Rock",49.03,-122.83,3.74,6.84,10.98,15.70,18.79,19.91,20.70,17.78,13.50,7.38,4.39,3.10
Canada,Whitehorse,60.73,-135.05,1.04,3.35,8.42,14.90,19.87,20.81,18.76,14.98,9.65,5.00,1.69,0.61
Canada,Windsor,42.30,-83.03,4.61,7.24,11.30,15.48,18.36,20.84,20.70,17.78,14.65,9.58,5.72,4.03
Canada,Winnipeg,49.88,-97.17,4.00,7.24,11.48,15.70,19.33,20.63,20.77,17.21,11.88,7.67,4.57,3.10
Chile,Antofagasta,-23.43,-70.45,30.65,28.04,24.66,19.20,14.92,12.59,11.43,16.10,20.48,24.67,28.08,30.21
Chile,Coyhaique,-45.58,-72.12,17.87,16.71,11.97,7.28,4.00,2.69,3.12,5.36,8.31,15.47,18.69,22.43
Chile,"Punta Arenas",-53.00,-70.85,17.86,15.10,11.62,5.92,2.92,2.05,2.30,4.65,7.43,13.68,17.13,20.53
China,Beijing,39.80,116.47,7.90,10.99,14.46,17.44,19.81,18.36,16.95,15.82,14.07,11.08,8.11,6.79
China,Chengdu,30.67,104.02,4.34,5.89,8.45,11.22,13.18,12.56,13.02,12.78,8.64,6.56,4.87,3.75
China,Guangzhou,23.17,113.33,8.69,8.26,8.18,9.56,12.42,12.63,14.88,13.95,13.84,13.38,11.67,9.87
China,Harbin,45.75,126.77,5.47,9.12,13.32,16.28,19.06,20.86,18.30,16.47,14.64,9.73,6.41,4.54
China,Kunming,25.00,102.65,13.73,16.76,18.77,20.54,18.31,15.54,14.28,15.16,14.32,12.49,12.37,12.41
China,Lanzhou,36.05,103.88,7.64,10.81,14.35,16.98,19.56,20.34,19.58,18.03,13.77,10.92,8.12,6.74
China,Shanghai,31.40,121.45,7.54,9.63,11.66,14.69,16.83,14.75,17.28,16.32,14.45,11.63,8.62,7.38
China,Shenyang,41.73,123.52,6.97,10.52,13.94,16.67,19.19,18.86,17.02,16.30,15.01,11.08,7.51,6.01
China,Urumqi,43.78,87.65,5.40,8.12,12.97,17.92,21.88,23.47,21.85,20.19,16.49,11.18,6.27,4.68
China,Wenjiang,30.70,103.83,5.17,6.89,9.84,12.84,13.62,13.97,14.01,13.18,9.69,6.99,6.03,4.94
China,Wuhan,30.62,114.13,6.81,8.26,10.63,13.49,15.87,15.49,17.31,16.20,14.13,10.42,8.39,6.72
China,Yuzhong,35.87,104.15,9.65,13.07,15.33,18.85,20.71,21.31,19.92,18.05,13.54,11.70,10.44,8.93
Croatia,Puntijarka,45.92,15.97,3.80,6.78,9.72,13.91,18.70,19.64,19.69,17.46,12.45,8.08,4.46,2.87
Croatia,"Zagreb - Horvatovac",45.83,16.00,3.45,7.38,10.43,14.73,19.48,20.37,20.45,17.98,12.48,7.77,4.09,2.55
Cyprus,Gazimagusa,35.11,33.94,9.00,12.42,17.14,21.82,25.96,28.80,28.76,26.39,21.96,16.16,10.73,8.14
Cyprus,Girne,35.33,33.33,8.96,12.06,16.85,21.67,25.99,28.98,28.84,26.06,21.60,15.59,10.40,7.92
Cyprus,Gonyeli,35.22,33.30,8.96,12.06,16.85,21.67,25.99,28.98,28.84,26.06,21.60,15.59,10.40,7.92
Cyprus,Guzelyurt,35.20,32.98,8.96,12.06,16.85,21.67,25.99,28.98,28.84,26.06,21.60,15.59,10.40,7.92
Cyprus,Larnaca,34.92,33.63,9.00,12.42,17.14,21.82,25.96,28.80,28.76,26.39,21.96,16.16,10.73,8.14
Cyprus,Limassol,34.68,33.05,8.96,12.06,16.85,21.67,25.99,28.98,28.84,26.06,21.60,15.59,10.40,7.92
Cyprus,Nikosia,35.16,33.38,8.96,12.06,16.85,21.67,25.99,28.98,28.84,26.06,21.60,15.59,10.40,7.92
CzechRepublic,ChurÃ¡Å?ov,49.07,13.62,3.54,6.14,9.58,14.39,17.56,18.75,18.06,16.06,11.15,7.45,3.93,2.89
CzechRepublic,"Hradec KrÃ¡lovÃ©",50.18,15.83,2.83,5.40,9.22,15.25,18.98,20.45,19.14,16.99,11.53,6.51,3.07,2.08
CzechRepublic,Kosetice,49.58,15.08,3.28,6.15,9.77,15.45,18.42,20.12,18.99,16.77,11.60,6.96,3.47,2.44
CzechRepublic,Kucharovice,48.88,16.08,3.20,6.35,10.32,15.86,19.38,20.85,20.27,17.36,12.00,6.95,3.27,2.32
CzechRepublic,"Ostrava - Poruba",49.82,18.15,2.99,5.31,9.01,14.67,18.04,19.21,19.02,16.73,11.07,6.47,3.31,2.25
CzechRepublic,"Praha - Karlov",50.08,14.43,2.62,5.05,8.67,14.35,17.95,19.30,18.62,16.26,11.10,6.34,2.91,1.94
Egypt,Aswan,23.97,32.78,15.96,19.40,22.94,25.82,26.35,28.27,27.19,25.59,22.83,19.79,17.06,15.36
Egypt,Asyut,27.20,31.17,13.54,17.13,21.21,24.19,25.90,27.79,26.92,25.04,22.38,18.03,14.48,12.50
Egypt,Bahtim,30.15,31.25,10.88,14.11,17.99,22.08,25.95,27.01,26.26,24.12,20.77,15.95,11.88,10.11
Egypt,Cairo,30.08,31.28,10.89,14.06,17.94,22.27,25.00,26.77,25.96,23.98,20.50,16.06,11.95,9.87
Egypt,"El Arish",31.12,33.75,11.35,14.63,19.02,23.18,26.77,28.50,27.94,25.40,21.64,16.80,12.74,10.74
Egypt,"El Kharga",25.45,30.58,15.03,18.28,22.30,25.39,26.80,28.52,27.54,25.83,23.16,19.44,16.17,14.08
Egypt,"Mersa Matruh Arpt",31.33,27.22,10.76,13.93,18.27,21.97,26.47,27.07,26.69,24.76,21.32,15.55,11.20,9.80
Egypt,Rafah,31.22,34.20,11.32,14.30,18.85,23.36,26.99,28.59,27.32,25.51,21.65,16.81,12.18,10.79
England,Aberdeen,57.17,-1.92,1.64,3.93,8.00,11.21,16.71,16.79,15.46,13.38,8.46,4.76,1.77,1.05
England,"Aberdeen - Dyce Arpt",57.20,-2.22,1.70,3.99,8.80,13.35,17.55,16.43,15.99,12.79,8.82,5.18,2.42,1.34
England,Aberporth,52.13,-4.57,2.66,5.11,9.22,14.88,18.45,19.99,17.99,15.11,11.06,6.18,3.02,2.09
England,Aviemore,57.20,-3.83,1.51,3.79,7.57,12.00,16.11,16.48,15.09,12.55,8.75,4.65,2.06,1.14
England,"Belfast - Aldergrove Arpt",54.67,-6.22,1.90,4.30,7.69,13.01,17.46,17.55,16.04,13.19,9.53,5.27,2.56,1.56
England,Boulmer,55.42,-1.60,2.22,4.37,8.91,13.83,18.59,18.35,16.95,13.61,10.03,5.85,2.86,1.67
England,Bracknell,51.38,-0.78,2.45,4.92,8.67,13.03,16.85,18.16,18.16,15.76,10.30,6.70,3.28,2.01
England,Camborne,50.22,-5.32,2.95,5.46,9.27,15.05,18.38,20.23,18.04,16.15,12.08,6.92,3.67,2.48
England,Dunstaffnage,56.57,-5.43,1.38,3.36,7.00,12.22,15.88,16.04,14.01,11.73,8.27,4.29,1.78,1.10
England,Edinburgh,56.45,-3.07,1.69,4.03,7.72,12.35,16.98,17.60,16.61,13.64,9.32,5.04,2.39,1.23
England,Eskdalemuir,55.32,-3.20,1.56,3.66,6.80,11.38,15.19,15.17,14.82,12.20,8.83,4.73,2.19,1.35
England,Hemsby,52.68,1.68,2.42,5.15,8.59,14.04,18.21,18.86,18.77,16.34,10.34,6.40,3.22,1.82
England,"Jersey Arpt",49.22,-2.20,3.16,5.61,9.88,14.91,19.31,21.48,20.72,17.78,12.76,7.52,3.90,2.38
England,Lerwick,60.13,-1.18,0.93,2.81,6.28,11.08,16.44,16.34,14.37,12.07,7.55,3.75,1.33,0.58
England,"London Weather Centre",51.52,0.12,2.44,4.69,8.34,12.66,16.55,18.04,17.56,15.51,10.48,6.48,3.14,1.95
England,Odiham,51.23,-0.95,2.83,5.07,9.61,15.38,17.22,20.62,18.70,14.28,11.26,6.59,3.53,2.25
England,Waddington,53.17,-0.52,2.47,4.58,8.98,14.26,17.12,19.37,18.40,14.30,10.71,6.18,3.32,2.14
England,Wattisham,52.12,0.97,2.65,5.13,9.50,16.35,17.87,19.92,18.34,14.66,10.74,6.27,3.22,2.30
France,Agen,44.17,0.58,4.62,8.08,13.59,16.01,19.84,22.14,22.59,19.44,14.52,10.13,5.42,3.83
France,Ajaccio,41.92,8.78,6.43,9.84,14.70,18.54,23.12,26.40,26.59,22.75,17.44,11.89,7.11,5.31
France,Auxerre,47.80,3.53,3.43,5.73,10.34,14.59,18.44,20.81,20.49,17.90,12.51,7.94,3.88,2.63
France,Bastia,42.55,9.48,6.39,10.03,13.96,18.01,21.98,24.42,25.35,21.31,16.18,10.96,6.93,5.32
France,Besançon,47.23,5.98,3.46,5.25,9.85,14.39,17.51,20.56,21.41,17.84,11.95,8.80,3.72,2.27
France,Bordeaux,44.82,-0.68,4.74,7.50,12.26,16.12,19.41,22.15,21.41,18.91,14.85,9.53,5.41,3.97
France,Bourges,47.07,2.35,3.77,6.21,11.29,15.58,19.07,21.74,20.90,18.04,13.61,8.31,4.32,2.92
France,Brest,48.43,-4.40,3.26,5.72,9.53,14.68,17.46,19.97,18.34,15.91,12.93,7.40,4.05,2.88
France,Caen,49.17,-0.45,3.43,5.75,9.68,14.72,17.64,20.14,19.04,16.26,12.25,7.21,4.10,2.73
France,Carcassonne,43.20,2.28,5.52,8.20,13.38,16.18,20.23,23.03,23.30,21.15,15.00,10.13,6.07,4.24
France,Carpentras,44.07,5.05,6.15,9.01,15.38,18.06,21.92,26.36,26.53,22.55,16.41,10.99,6.74,4.68
France,"Clermont - Ferrand",45.78,3.13,4.45,7.13,11.92,15.63,18.57,21.22,21.13,18.10,13.90,8.79,4.92,3.45
France,Dijon,47.27,5.08,3.65,6.52,11.24,15.93,19.18,22.12,21.10,17.83,13.49,8.05,4.24,2.86
France,Embrun,44.57,6.50,6.85,10.73,15.45,18.70,21.31,24.83,24.92,21.21,16.62,11.01,7.06,5.59
France,"La Roche-sur-Yon",46.70,-1.37,3.97,7.24,11.62,15.89,19.35,22.31,21.63,18.92,13.01,8.86,4.39,3.04
France,Limoges,45.85,1.17,4.20,6.73,11.44,15.40,18.80,21.74,20.72,18.00,14.03,8.74,4.69,3.44
France,"Lyon - Bron",45.72,4.93,3.75,6.18,12.03,21.13,23.03,19.75,20.39,20.02,15.14,9.04,4.59,2.75
France,Macon,46.28,4.78,3.78,6.05,11.48,16.56,19.22,21.35,21.68,18.83,12.90,8.51,4.07,2.72
France,"Marseille - Marignane",43.43,5.22,6.28,9.99,15.26,19.00,23.24,26.34,26.30,22.52,17.12,10.98,7.18,5.46
France,Melun,48.60,2.67,2.84,4.24,11.65,17.91,23.01,19.83,18.23,17.13,13.16,8.19,3.92,2.55
France,Millau,44.12,3.02,4.98,8.49,13.26,16.86,20.30,23.46,24.10,20.66,15.34,9.68,5.42,4.45
France,Montauban,44.02,1.37,4.82,7.38,12.30,19.96,22.66,19.89,20.73,20.37,16.37,11.70,5.77,3.90
France,Montelimar,44.57,4.72,4.86,8.28,13.25,17.60,21.44,24.41,24.38,20.64,15.55,9.45,5.71,4.08
France,Montpellier,43.57,3.95,6.10,9.66,14.59,18.38,22.17,25.43,25.48,21.60,16.67,10.35,6.92,5.41
France,"Nancy - Essey",48.68,6.22,3.15,5.52,9.88,15.19,18.39,20.94,19.88,17.16,11.99,7.22,3.45,2.35
France,Nantes,47.15,-1.60,3.88,6.82,11.15,16.12,19.34,21.94,20.88,18.28,14.04,8.16,4.70,3.24
France,Nice,43.63,7.20,6.36,9.82,14.61,18.31,22.44,25.49,25.44,22.08,16.52,10.86,6.84,5.15
France,Niort,46.30,-0.40,4.03,6.42,12.12,19.96,23.09,21.43,20.77,17.28,14.05,8.93,5.05,3.07
France,"Paris - Montsouris",48.82,2.33,2.87,4.75,10.49,14.91,18.67,20.01,19.50,16.82,11.91,7.83,3.55,2.35
France,"Paris - Orly",48.72,2.38,2.74,5.04,9.69,15.46,17.83,20.29,19.24,16.24,12.40,7.12,3.42,2.07
France,Pau,43.38,-0.40,5.02,8.14,12.88,16.01,18.55,20.79,19.96,17.64,13.89,10.44,5.81,4.33
France,Perpignan,42.73,2.87,6.41,9.71,14.22,18.17,20.92,23.62,23.78,20.29,16.00,10.70,7.41,5.57
France,Reims,49.30,4.05,3.15,5.35,9.85,15.01,18.55,20.56,19.46,16.55,12.21,7.17,3.59,2.35
France,Rennes,48.07,-1.73,3.58,6.17,10.29,15.47,18.45,20.78,19.57,17.02,13.54,7.64,4.48,3.02
France,Roissy-en-France,49.00,2.53,2.71,4.48,9.86,14.83,18.64,20.42,19.43,16.61,11.93,7.58,3.45,2.21
France,Saint-Quentin,49.82,3.20,2.91,4.62,10.15,15.07,18.75,20.15,19.73,16.59,11.61,7.44,3.20,2.26
France,St-Pierre,46.77,-56.17,3.56,6.43,11.08,14.78,18.28,19.16,17.12,15.67,12.97,7.85,4.15,2.68
France,Strasbourg,48.53,7.63,3.20,5.76,9.91,15.29,18.31,21.06,19.55,16.78,12.32,7.10,3.53,2.35
France,Tours,47.43,0.72,3.54,6.14,11.01,15.89,19.06,21.69,20.72,17.90,13.49,7.87,4.19,2.83
France,Trappes,48.77,2.00,2.98,4.95,10.64,15.40,19.06,20.62,20.12,17.36,12.56,8.01,3.67,2.51
Georgia,Batumi,41.65,41.65,5.47,7.88,11.20,14.65,18.43,19.73,19.26,17.50,14.54,10.55,6.59,4.82
Georgia,Gori,41.98,44.11,5.76,8.32,11.70,14.76,18.04,19.15,18.79,16.74,14.18,10.69,6.84,5.04
Georgia,Kutaisi,42.26,42.72,5.51,7.92,11.09,14.22,17.42,18.72,19.37,17.57,14.36,10.26,6.55,4.79
Georgia,Poti,42.15,41.66,5.47,7.88,11.20,14.65,18.43,19.73,19.26,17.50,14.54,10.55,6.59,4.82
Georgia,Rustavi,41.55,45.03,5.80,8.42,11.66,14.65,17.64,19.30,18.61,16.27,14.04,10.48,6.88,5.08
Georgia,Sukhumi,43.01,41.00,5.04,7.42,10.55,13.32,16.85,18.54,18.72,16.78,13.86,9.94,5.98,4.36
Georgia,Tbilisi,41.72,44.79,5.80,8.42,11.66,14.65,17.64,19.30,18.61,16.27,14.04,10.48,6.88,5.08
Georgia,Zugdidi,42.50,41.86,5.47,7.88,11.20,14.65,18.43,19.73,19.26,17.50,14.54,10.55,6.59,4.82
Germany,Arkona,54.68,13.43,1.56,3.57,8.22,14.93,16.98,19.72,21.64,17.31,9.23,6.17,2.45,1.35
Germany,"Bad Lippspringe",51.78,8.83,2.64,4.56,7.80,12.41,15.81,17.75,17.44,15.68,9.44,5.82,2.53,1.73
Germany,Bocholt,51.83,6.53,2.64,4.43,8.76,14.02,16.49,18.81,19.35,16.39,10.21,6.79,2.84,1.85
Germany,Bochum,51.45,7.27,2.66,4.53,8.01,12.74,16.15,18.22,18.04,15.80,9.70,6.11,2.98,1.86
Germany,Bonn,50.70,7.15,2.59,4.64,8.62,13.73,15.16,18.51,19.27,15.41,8.81,6.56,2.91,2.07
Germany,Braunlage,51.73,10.60,2.56,4.73,7.78,12.63,16.29,18.31,17.57,15.58,9.18,5.49,2.48,1.87
Germany,Braunschweig,52.30,10.45,2.37,4.61,8.48,14.06,17.46,19.83,18.35,15.43,10.94,6.33,2.70,1.77
Germany,Bremen,53.05,8.80,2.33,4.25,8.11,12.64,16.32,17.28,18.98,16.30,9.39,5.98,2.72,1.73
Germany,Chemnitz,50.80,12.87,3.15,5.43,9.01,12.70,18.58,18.37,20.86,17.24,10.68,6.82,3.28,2.45
Germany,Coburg,50.27,10.95,2.89,5.42,9.19,13.62,18.16,19.58,19.04,17.33,10.70,6.20,2.77,2.14
Germany,"Dresden - Klotzsche",51.13,13.75,3.01,4.82,8.87,14.79,18.32,19.82,18.82,15.52,11.53,6.87,3.14,2.24
Germany,"Dresden - Wahnsdorf",51.12,13.68,2.45,5.07,8.40,12.00,17.56,17.54,22.45,16.91,10.54,7.35,2.99,1.97
Germany,Freiburg,48.00,7.85,3.12,6.24,10.38,14.57,17.79,20.20,20.25,17.56,11.78,7.46,3.87,2.49
Germany,Geisenheim,49.98,7.95,2.58,5.40,9.28,14.44,17.57,19.96,19.03,17.15,11.10,6.42,2.82,2.08
Germany,Giessen,50.58,8.70,2.42,5.14,8.60,12.37,17.39,19.90,19.11,16.34,8.73,5.66,2.73,1.91
Germany,Hamburg,53.63,10.00,1.76,3.69,8.42,13.87,16.00,18.30,18.86,14.03,10.73,5.87,2.47,1.44
Germany,"Hamburg - Sasel",53.65,10.12,1.85,4.03,7.53,12.49,17.98,17.98,18.13,16.12,9.81,5.70,2.49,1.44
Germany,Harzgerode,51.65,11.13,2.78,5.58,8.92,13.26,17.45,19.60,18.99,16.76,10.52,6.47,2.95,2.17
Germany,Heiligendamm,54.15,11.85,1.93,4.13,8.47,14.96,17.76,18.86,21.15,17.07,9.88,6.41,2.57,1.51
Germany,Hohenpeissenberg,47.80,11.02,4.48,7.32,11.37,13.74,17.24,18.55,20.93,16.64,11.04,7.98,4.84,3.45
Germany,Kassel,51.30,9.45,2.49,4.80,8.70,12.95,16.26,18.21,17.83,16.00,10.11,5.43,2.46,1.79
Germany,Lüdenscheid,51.22,7.63,2.62,4.48,7.90,12.62,15.45,17.56,17.18,15.01,9.09,5.88,2.70,1.92
Germany,Lindenberg,52.22,14.12,2.59,4.74,8.80,15.56,18.63,20.50,19.27,16.06,11.65,6.71,2.99,1.84
Germany,List,55.02,8.42,2.06,4.14,8.61,14.26,17.99,20.03,20.43,17.14,9.68,5.42,2.52,1.50
Germany,Mannheim,49.52,8.55,2.88,5.49,9.34,14.17,17.75,19.15,18.84,17.03,10.79,6.45,3.14,2.07
Germany,Nürnberg,49.50,11.08,3.08,5.77,9.46,12.84,17.58,18.57,18.32,16.18,9.43,6.34,2.88,2.25
Germany,Neubrandenburg,53.55,13.20,2.21,4.23,8.84,13.27,17.33,18.89,19.51,16.26,9.58,6.09,2.57,1.64
Germany,Norderney,53.72,7.15,2.32,4.43,8.93,14.29,18.11,19.05,20.17,17.13,10.33,5.88,2.65,1.68
Germany,Osnabrück,52.25,8.05,2.55,4.38,8.11,12.66,16.30,17.77,18.40,16.17,9.82,6.10,2.75,1.71
Germany,Passau,48.58,13.47,3.07,6.17,9.35,13.27,17.81,18.32,21.22,16.04,10.62,7.31,3.11,2.48
Germany,Potsdam,52.37,13.08,2.41,4.69,8.92,13.48,16.93,18.95,18.64,16.98,10.44,5.97,2.65,1.68
Germany,Saarbrücken,49.22,7.12,2.94,5.37,9.33,13.98,18.03,20.15,19.60,17.25,11.11,6.75,3.13,2.13
Germany,Schleswig,54.53,9.55,1.98,3.35,8.07,11.68,17.24,19.04,19.21,15.70,8.42,5.30,2.43,1.31
Germany,Stuttgart,48.83,9.20,3.32,6.11,9.85,14.42,18.06,18.39,18.98,17.26,11.65,6.61,3.75,2.46
Germany,Trier,49.75,6.67,2.70,4.93,9.30,14.35,17.71,20.63,18.95,16.19,11.84,6.61,2.99,1.96
Germany,Würzburg,49.77,9.97,2.99,5.70,9.62,15.12,18.13,20.97,19.77,16.92,11.93,6.98,3.15,2.24
Germany,Weihenstephan,48.40,11.70,3.62,6.69,10.53,15.48,19.11,21.20,20.55,17.01,12.30,7.54,3.90,2.90
Germany,Weimar,50.98,11.32,2.69,5.34,8.37,12.59,16.05,17.20,16.66,15.76,9.73,5.60,2.79,1.97
Germany,Weissenburg,49.02,10.97,3.14,6.01,9.44,13.45,18.51,19.57,19.20,17.26,11.10,6.78,3.13,2.29
Germany,Zinnwald,50.73,13.75,2.96,6.20,9.91,13.50,16.96,17.34,18.66,16.45,10.04,6.74,2.75,2.20
Greece,Thessaloniki,40.63,22.97,6.95,9.77,14.64,18.22,23.28,26.48,26.28,22.93,17.71,10.30,6.48,5.54
Hungary,Budapest,47.43,19.18,3.53,7.17,10.81,15.82,20.68,21.72,20.86,18.10,12.44,8.25,4.07,2.80
Hungary,Sopron,47.68,16.60,3.57,7.36,10.72,16.00,20.72,21.86,19.75,18.37,12.67,7.93,4.14,2.73
Hungary,Szarvas,46.87,20.55,4.16,7.70,11.97,16.22,20.98,22.65,21.97,18.64,13.68,9.51,5.03,3.25
India,Ahmadabad,23.07,72.63,16.16,19.54,22.24,24.45,24.07,20.37,14.86,14.36,18.34,18.51,16.13,14.67
India,"Calcutta - Dum Dum",22.65,88.45,12.32,14.97,18.14,20.10,19.89,15.99,14.56,14.44,14.25,14.37,13.62,11.89
India,"Chennai - Minambakkam",13.00,80.18,17.31,21.60,23.49,23.60,22.09,22.35,18.94,19.33,20.12,17.32,13.17,15.64
India,"Goa - Panjim",15.48,73.82,18.80,21.57,22.72,23.87,23.17,14.56,14.47,15.03,17.48,18.74,18.43,17.91
India,Jodhpur,26.30,73.02,15.80,18.86,21.83,25.28,25.65,23.41,19.45,17.39,20.67,20.01,16.26,14.27
India,"Nagpur - Sonegaon",21.10,79.05,16.32,18.57,21.77,23.35,23.35,18.94,14.83,14.58,17.44,18.52,16.19,15.02
India,Poona,18.53,73.85,17.66,20.85,23.39,25.11,25.53,18.76,15.78,15.08,17.36,19.14,17.70,16.68
India,Shillong,25.57,91.88,15.14,16.39,19.49,19.19,17.66,15.30,14.20,15.69,13.97,14.26,14.72,12.91
India,Trivandrum,8.48,76.95,18.64,20.54,20.95,19.46,18.10,16.92,16.14,17.88,18.46,16.55,14.83,16.10
India,Vishakhapatnam,17.72,83.23,17.01,18.57,20.41,22.20,20.70,16.81,16.72,15.04,17.03,16.87,15.74,15.65
Israel,Haifa,32.82,34.99,9.14,12.02,16.67,21.89,25.99,28.48,27.90,25.70,21.82,16.20,11.30,8.57
Israel,Jerusalem,31.78,35.22,9.22,11.84,16.42,21.35,25.34,27.58,27.18,24.80,21.02,15.73,11.20,8.71
Israel,"Tel Aviv",32.07,34.77,9.22,11.84,16.42,21.35,25.34,27.58,27.18,24.80,21.02,15.73,11.20,8.71
Italy,Amendola,41.53,15.72,6.47,9.89,14.80,17.82,21.87,24.25,24.43,21.25,15.83,11.49,7.25,5.39
Italy,"Bellavista Capo",39.93,9.72,6.50,10.18,14.49,17.59,21.77,23.96,24.46,20.83,15.84,11.73,7.27,5.71
Italy,Brindisi,40.67,17.95,6.05,8.68,13.57,16.95,21.21,24.18,23.57,20.81,14.96,10.37,6.83,4.93
Italy,"Cagliari - Elmas",39.25,9.07,7.31,9.91,15.27,17.89,22.12,26.23,25.39,22.50,17.37,12.96,7.83,6.23
Italy,Campobasso,41.57,14.65,7.09,10.30,14.25,17.69,20.99,25.27,23.58,21.07,15.57,11.05,6.64,5.20
Italy,Cervia,44.22,12.30,3.82,7.02,12.92,15.07,20.48,22.32,22.73,18.88,12.62,8.53,4.40,2.92
Italy,"Cozzo Spadaro",36.68,15.13,8.39,12.14,16.02,19.58,24.20,24.98,24.51,21.59,17.08,13.54,9.38,7.71
Italy,Dobbiaco,46.73,12.22,4.35,9.09,14.26,15.32,19.50,20.48,21.97,18.90,13.59,9.73,4.91,3.29
Italy,"Elba - Monte Calamita",42.73,10.40,5.35,9.96,14.77,17.62,22.69,24.72,24.87,22.39,16.90,11.40,6.39,5.17
Italy,Gela,37.08,14.22,8.87,12.07,16.90,19.90,25.08,26.19,26.07,23.23,18.11,14.04,9.78,7.60
Italy,Grazzanise,41.05,14.07,7.11,10.21,14.78,17.16,22.20,25.53,24.73,22.43,17.03,13.28,7.88,5.16
Italy,"Mele Capo",43.95,8.17,6.34,8.99,14.08,16.70,20.21,23.92,23.85,20.97,15.53,10.15,6.38,4.57
Italy,Messina,38.20,15.55,7.39,11.10,15.77,18.86,23.79,26.10,26.46,23.18,17.14,13.02,8.07,6.23
Italy,"Milano - Linate",45.43,9.28,3.94,6.11,12.16,15.53,17.75,18.74,19.64,17.21,11.85,6.93,4.00,2.66
Italy,"Palinuro Capo",40.02,15.28,7.06,9.86,14.61,17.22,20.95,24.03,22.84,21.64,17.13,12.76,7.58,5.86
Italy,Pantelleria,36.82,11.97,7.73,11.61,15.74,20.37,23.73,25.29,25.14,22.94,17.16,12.50,8.87,6.87
Italy,Perugia,43.08,12.50,4.94,8.94,12.41,15.45,20.10,22.76,23.13,20.71,14.46,9.88,5.65,4.01
Italy,Piacenza,44.92,9.73,4.23,7.39,12.92,16.11,20.01,21.20,22.25,18.95,14.05,8.85,4.58,3.14
Italy,Pisa,43.68,10.38,5.64,8.86,13.54,16.46,21.74,25.19,24.81,21.27,15.45,9.97,6.11,4.47
Italy,Ponza,40.92,12.95,6.92,10.51,15.96,18.64,23.78,25.30,26.94,23.02,17.32,12.64,7.56,5.74
Italy,"Roma - Ciampino",41.80,12.55,5.92,9.07,13.48,16.27,20.94,23.09,23.33,19.76,14.69,10.22,6.11,4.55
Italy,Terminillo,42.47,12.98,7.25,9.39,15.30,13.99,18.98,20.81,20.50,19.04,14.02,10.24,5.93,4.71
Italy,Termoli,42.00,15.00,5.75,9.51,14.36,17.54,21.26,24.02,23.04,20.41,15.49,10.30,5.76,4.65
Italy,Trieste,45.65,13.75,4.44,8.13,12.62,14.50,20.17,23.43,22.69,19.74,14.56,8.66,4.68,3.49
Italy,"Udine - Rivolto",45.98,13.03,4.71,7.82,11.78,14.31,19.41,22.42,22.18,19.56,13.31,7.84,5.12,3.92
Italy,Ustica,38.70,13.18,7.38,10.92,15.63,19.14,23.79,24.35,25.29,21.56,16.72,12.36,8.26,6.08
Italy,"Verona - Villafranca",45.38,10.87,3.93,7.31,11.36,15.58,20.46,22.94,23.00,19.90,14.26,7.59,4.83,3.54
Italy,"Vigna Di Valle",42.08,12.22,6.58,9.81,13.64,17.07,21.92,25.28,25.01,21.10,15.53,10.58,7.13,5.13
Italy,Viterbo,42.43,12.08,6.89,9.72,14.53,16.62,22.91,25.18,25.76,21.75,16.53,10.96,6.90,5.02
Japan,Akita,39.72,140.10,4.72,7.72,11.53,16.23,17.30,18.36,16.08,17.10,13.76,10.54,5.87,4.08
Japan,Chichijima,27.10,142.18,10.96,13.62,15.60,17.27,18.06,21.76,22.78,20.72,18.33,15.46,11.98,10.00
Japan,Fukuoka,33.58,130.38,7.44,10.54,13.64,16.96,18.23,16.30,17.31,17.93,15.08,12.68,9.22,7.17
Japan,"Ishigaki Jima",24.33,124.17,8.81,10.99,13.39,16.24,18.41,20.98,22.84,20.77,18.18,14.38,11.23,9.17
Japan,Kagoshima,31.55,130.55,8.90,11.71,14.08,16.80,17.95,14.65,18.94,19.29,16.43,13.57,10.41,8.88
Japan,Matsumoto,36.25,137.97,9.70,12.70,15.74,18.65,20.08,18.80,19.26,19.72,14.46,12.36,9.95,8.65
Japan,Minamitorishima,24.28,153.98,12.80,15.93,19.00,21.91,23.46,25.06,22.68,21.08,20.49,18.34,14.99,12.32
Japan,Miyako,39.65,141.97,8.25,10.90,14.19,17.09,17.46,17.14,16.13,15.61,12.04,10.72,8.49,7.38
Japan,Naha,26.20,127.68,8.86,10.56,12.91,15.50,16.58,18.42,21.09,19.33,17.33,14.05,10.92,9.23
Japan,Nemuro,43.33,145.58,7.05,10.66,14.14,16.83,17.75,18.52,16.49,15.27,12.92,10.32,7.32,6.16
Japan,Sapporo,43.07,141.33,6.12,8.94,12.76,16.03,17.97,18.86,16.55,15.95,13.34,9.60,6.16,5.07
Japan,Shimizu,32.72,133.02,10.59,13.27,15.12,17.33,18.20,16.88,19.89,20.70,16.28,13.44,10.69,9.89
Japan,Shionomisaki,33.45,135.77,10.54,13.19,15.84,17.92,18.56,16.57,19.45,20.54,15.97,12.65,10.42,9.85
Japan,Tateno,36.05,140.13,9.88,12.21,14.66,17.15,16.91,14.94,17.14,16.75,13.26,10.59,8.91,8.59
Japan,Wajima,37.40,136.90,4.65,7.56,12.04,16.94,18.63,17.31,16.44,18.21,13.24,10.82,6.53,4.37
Japan,Yonago,35.43,133.33,6.57,8.97,13.05,17.17,19.46,18.38,18.11,19.35,14.45,12.19,8.32,6.27
Lebanon,Beirut,33.89,35.50,8.28,10.91,14.98,20.02,24.34,27.00,26.42,24.26,20.23,14.65,9.90,7.52
Lithuania,Kaunas,54.90,23.91,2.41,4.75,8.93,13.86,18.40,18.86,18.50,15.77,9.97,5.40,2.88,1.84
Lithuania,Klaipeda,55.71,21.13,1.94,4.43,9.04,15.41,20.30,21.42,20.92,17.32,11.09,5.69,2.84,1.40
Lithuania,Vilnius,54.70,25.27,2.41,4.75,8.93,13.86,18.40,18.86,18.50,15.77,9.97,5.40,2.88,1.84
Luxembourg,Luxemburg,49.62,6.12,2.84,5.44,8.93,13.28,16.60,17.42,17.46,15.41,10.37,6.12,3.24,2.20
Macedonia,Bitola,41.04,21.34,6.30,8.60,12.06,14.72,18.61,22.39,23.11,20.27,14.98,9.94,6.37,5.15
Macedonia,Kumanovo,42.14,21.71,6.08,8.39,11.92,14.72,18.72,22.10,22.97,20.09,14.72,9.58,6.08,4.93
Macedonia,Skopje,42.00,21.47,5.98,8.46,12.02,14.90,18.65,21.82,22.68,19.80,14.54,9.58,6.05,4.86
Mexico,"Ciudad Univ.",19.33,-99.18,16.95,19.50,22.08,22.06,21.70,19.78,18.74,17.94,16.59,16.61,16.47,15.63
Moldova,Balti,47.76,27.91,3.96,6.55,10.33,14.22,18.97,20.02,19.94,17.75,11.99,7.42,3.96,3.10
Moldova,Chisinau,47.00,28.82,3.88,6.22,11.18,16.20,20.72,23.55,22.68,19.31,13.94,8.76,4.28,2.65
Moldova,Kishinev,47.00,28.82,3.68,6.53,12.38,15.64,21.99,21.87,22.87,22.57,15.98,10.02,4.65,2.71
Moldova,Tiraspol,46.85,29.63,4.32,6.98,10.30,14.58,19.44,20.52,20.88,18.61,13.18,8.42,4.25,3.31
Morocco,Casablanca,33.57,-7.67,10.47,14.43,18.22,22.69,25.49,26.40,26.16,24.11,20.81,15.25,11.49,9.22
NewZealand,"Lauder - NIWA",-44.97,169.68,21.51,19.96,16.38,9.79,5.79,4.33,4.85,7.66,13.24,17.27,20.92,24.85
Portugal,Bragança,41.80,-5.27,6.97,9.90,13.99,16.19,22.54,26.77,26.92,23.59,17.75,10.63,6.09,4.16
Portugal,"Faro Arpt",37.02,-7.97,9.66,13.72,17.60,23.34,26.29,29.13,29.15,25.97,20.56,14.78,10.34,8.20
Portugal,Funchal,32.63,-16.90,10.19,13.28,16.69,18.21,19.55,21.20,20.88,20.40,17.58,14.32,10.66,8.95
Portugal,Lisboa,38.72,-9.15,8.40,11.62,15.91,20.48,23.99,27.50,27.44,24.45,18.80,13.36,9.03,7.19
Portugal,Porto,41.13,-8.60,6.55,9.55,13.02,17.47,22.41,24.37,24.41,21.72,16.41,10.18,6.57,5.03
Romania,Bucuresti,44.50,26.22,5.03,8.95,12.93,17.29,21.56,23.82,23.93,20.77,14.87,10.00,5.56,3.98
Romania,"Cluj - Napoca",46.78,23.57,4.12,7.26,11.60,16.08,19.75,21.65,20.83,18.17,12.99,8.90,4.90,3.37
Romania,Constanta,44.22,28.63,4.57,8.44,11.92,17.52,22.68,25.29,25.35,21.16,15.48,10.08,5.74,4.04
Romania,Craiova,44.32,23.87,5.49,9.48,13.59,18.01,21.14,22.70,22.76,19.13,14.42,9.92,5.86,4.26
Romania,Galati,45.50,28.03,4.91,8.71,12.97,17.62,22.53,24.28,23.92,20.59,15.27,9.87,5.28,4.11
Romania,Iasi,47.17,27.60,4.43,7.83,12.15,17.17,22.64,24.08,23.41,20.40,13.85,9.20,4.96,3.50
Romania,Timisoara,45.78,21.28,3.80,7.50,11.66,16.44,20.83,22.11,21.82,18.98,13.36,9.02,4.98,3.05
Slovakia,"Bratislava - Koliba",48.17,17.12,3.25,6.13,10.24,16.19,19.58,21.37,20.50,17.80,12.70,7.73,3.41,2.26
Slovakia,Hurbanovo,47.87,18.18,3.50,6.97,10.70,16.19,19.76,21.25,21.32,18.41,13.09,8.25,4.03,2.73
Slovakia,"Milhostov - Trebisov",48.67,21.72,3.04,5.85,10.53,14.57,18.77,20.80,19.55,17.14,12.28,7.52,3.58,2.10
Slovakia,Poprad-ganovce,49.03,20.32,4.25,7.18,11.50,16.68,17.98,19.01,19.05,18.15,12.45,7.81,4.79,3.11
Slovakia,"Strbské Pleso",49.12,20.07,4.04,6.43,10.54,14.06,16.87,18.11,17.41,14.94,11.67,8.03,4.37,3.10
Slovenia,Ljubljana,46.06,14.51,5.00,8.39,12.10,14.98,18.07,18.76,19.33,17.39,12.71,7.74,5.18,4.10
SouthAfrica,Bloemfontein,-29.15,26.23,25.27,22.28,19.01,15.98,13.46,11.95,12.74,15.70,19.04,21.49,24.16,25.45
SouthAfrica,Botshabelo,-29.23,26.73,24.84,21.96,18.83,15.98,13.61,12.06,12.85,15.66,19.08,20.95,23.72,25.02
SouthAfrica,"Cape Town",-33.93,18.46,28.55,25.27,20.27,14.62,10.48,9.00,9.61,12.28,16.67,22.18,26.78,28.66
SouthKorea,Busan,35.10,129.02,9.39,11.80,14.29,17.15,18.34,16.96,15.41,16.13,13.64,12.48,9.80,8.78
SouthKorea,Gangneung,37.75,128.88,8.75,10.90,13.62,16.71,17.59,16.93,14.27,13.90,12.70,11.61,8.84,8.12
SouthKorea,Mokpo,34.82,126.37,8.47,11.71,14.84,18.15,19.00,17.65,16.61,17.21,15.32,13.53,9.67,7.76
SouthKorea,Seoul,37.57,126.95,7.35,10.08,12.94,15.85,16.98,15.86,11.96,12.69,12.81,11.11,7.66,6.62
Spain,"A Coruña",43.35,-8.42,5.02,8.51,12.70,16.68,19.25,22.13,22.04,19.81,15.50,9.68,5.69,4.47
Spain,Albacete,39.00,-1.87,7.82,10.88,15.29,20.22,23.41,26.64,27.94,24.24,18.63,13.09,9.32,6.91
Spain,"Alicante Arpt",38.28,-0.55,8.98,11.48,15.76,20.62,23.04,26.03,25.61,23.04,17.60,13.47,9.34,7.66
Spain,"Almería Arpt",36.85,-2.38,9.57,13.09,18.05,22.02,24.73,27.70,26.94,23.82,19.04,14.11,10.69,8.66
Spain,"Almeria Arpt",36.85,-2.38,9.08,14.47,17.30,21.27,23.94,27.33,28.02,25.89,21.49,15.33,10.65,9.89
Spain,Arenosillo,37.10,-6.73,8.75,13.98,17.42,20.23,24.95,29.37,29.04,24.73,21.12,16.55,10.26,9.77
Spain,Badajoz,38.88,-7.02,7.85,11.13,16.01,20.33,24.71,27.40,28.66,24.77,19.36,13.25,8.81,6.80
Spain,Barcelona,41.38,2.20,7.16,10.82,15.19,19.29,22.15,24.74,24.94,21.18,16.54,11.85,7.95,6.26
Spain,"Barcelona Arpt",41.30,2.05,7.08,10.19,14.70,19.17,23.27,25.67,25.20,21.93,17.06,11.85,7.75,6.28
Spain,"Bilbao - Sondica Arpt",43.30,-2.90,4.83,7.75,11.96,15.64,18.38,19.65,19.41,17.06,14.03,9.26,5.42,4.16
Spain,CácerSpain,39.47,-6.33,7.41,11.70,17.84,20.61,23.08,27.54,27.74,24.89,19.03,13.15,8.33,5.64
Spain,Cádiz,36.53,-6.28,8.62,13.37,18.04,22.06,24.82,28.10,26.81,23.71,18.94,14.95,10.34,7.68
Spain,"Ciudad Real",38.98,-3.92,7.25,11.04,15.63,19.39,23.25,26.57,27.79,24.42,18.52,12.93,8.62,6.58
Spain,"Cordoba Arpt",37.83,-4.85,6.95,8.87,14.63,20.19,26.18,25.93,27.14,24.18,19.30,13.52,8.38,6.17
Spain,"Gerona Arpt",41.90,2.75,7.26,9.54,13.17,17.29,20.62,22.82,22.09,19.90,15.87,10.63,7.23,6.00
Spain,"Granada - Armilla",37.13,-3.63,9.12,11.77,15.63,22.03,23.72,27.99,27.89,24.90,19.61,13.99,9.83,8.08
Spain,"Granada Arpt",37.18,-3.78,8.84,11.51,16.34,20.36,23.91,27.51,28.10,24.98,19.18,13.90,9.73,7.94
Spain,"Hondarribia Arpt",43.35,-1.78,4.57,7.25,11.26,16.34,19.29,20.03,19.15,17.15,14.02,10.55,6.26,4.11
Spain,Huelva,37.28,-6.92,8.54,12.17,17.62,21.45,24.59,28.04,28.43,24.81,19.20,14.55,10.49,7.93
Spain,Ibiza,38.87,1.37,7.80,10.94,15.61,20.31,23.05,25.91,26.14,22.90,17.87,12.63,8.51,6.94
Spain,Jerez,36.73,-6.07,8.95,11.86,17.13,20.70,24.10,26.80,27.89,24.33,18.73,14.13,9.97,8.07
Spain,"Leon Arpt",42.58,-5.65,6.29,10.53,15.47,18.34,22.16,26.29,27.33,23.53,17.73,11.77,7.57,5.76
Spain,Lleida,41.62,0.60,6.05,10.79,15.97,20.02,23.29,26.38,26.46,23.02,17.85,12.09,7.70,5.49
Spain,"Logroño - Agoncillo Arpt",42.45,-2.33,5.47,8.86,13.60,18.07,20.74,23.64,24.57,20.86,16.28,10.54,6.37,4.86
Spain,"Madrid - Barajas Arpt",40.45,-3.55,6.98,10.86,15.42,20.34,23.10,26.26,27.71,24.59,18.46,12.43,7.53,6.50
Spain,"Madrid Univ",40.45,-3.73,7.10,10.83,15.93,19.91,22.75,26.78,27.62,24.22,18.33,12.14,8.12,6.05
Spain,"Madrid Univ.",40.45,-3.73,7.23,11.98,12.62,20.30,24.22,28.00,28.61,24.65,20.46,14.63,6.83,7.63
Spain,Málaga,36.72,-4.48,9.69,12.27,16.29,20.74,24.36,27.60,27.29,24.07,19.66,13.66,10.25,8.78
Spain,Murcia,38.00,-1.17,8.90,12.21,16.48,20.98,24.04,27.03,27.13,23.67,18.30,13.48,9.68,7.70
Spain,Oviedo,43.35,-5.87,5.53,8.55,12.24,15.48,16.64,17.93,17.54,15.68,13.65,9.50,5.91,4.87
Spain,"Palma De Mallorca",39.55,2.62,7.51,11.68,16.13,19.83,23.77,26.42,25.96,23.22,17.34,12.87,8.64,6.62
Spain,"Pamplona - Noain Arpt",42.77,-1.63,5.80,9.12,13.25,17.42,21.91,23.70,26.89,21.70,16.93,11.94,6.88,5.02
Spain,Ponferrada,42.57,-6.60,5.72,9.30,13.13,20.18,23.73,26.79,25.53,21.84,17.08,12.42,5.93,4.72
Spain,"RoquetSpain Tortosa",40.82,0.50,7.64,9.70,16.03,17.85,21.28,24.51,24.71,21.10,16.02,11.95,9.36,6.09
Spain,Salamanca,40.95,-5.92,6.59,10.41,15.02,19.62,23.40,26.61,28.16,24.16,18.81,12.25,7.60,5.94
Spain,"Salamanca Univ.",40.95,-5.67,6.24,10.95,14.27,19.85,23.73,27.35,28.93,23.43,19.44,13.96,7.13,6.35
Spain,"San Javier Arpt",37.78,-0.80,8.71,11.27,16.31,20.45,24.80,27.23,26.98,23.61,19.00,13.27,9.55,7.77
Spain,"San Sebastian",43.32,-2.05,4.77,7.99,11.82,15.21,18.10,20.14,19.63,16.89,14.23,9.64,5.65,4.34
Spain,Santander,43.48,-3.80,4.96,8.00,12.48,16.53,18.96,20.65,20.02,17.55,14.58,9.72,5.61,4.35
Spain,"Santiago Arpt",42.90,-8.42,5.19,8.50,12.25,17.81,20.83,22.36,22.38,20.90,16.30,10.06,5.87,4.77
Spain,Soria,41.60,-2.50,6.76,10.16,14.64,18.96,22.94,25.15,27.20,23.61,17.91,13.12,7.72,6.40
Spain,"Tenerife - Arpt Sur",28.03,-16.57,11.82,14.74,19.25,22.34,24.91,25.02,26.56,24.38,19.47,16.94,12.67,11.58
Spain,Toledo,39.88,-4.03,7.18,11.20,16.02,20.76,23.54,27.41,28.29,24.54,19.24,13.31,9.00,6.43
Spain,Valencia,39.48,-0.38,7.92,11.97,15.65,20.22,21.94,24.33,23.88,21.64,17.06,12.28,8.74,7.04
Spain,"Valencia Arpt",39.48,-0.47,7.78,10.58,15.47,19.31,23.17,26.06,25.02,22.02,17.05,12.30,9.05,7.21
Spain,Valladolid,41.65,-4.77,5.76,10.23,15.11,20.05,23.14,26.46,27.34,23.85,18.26,11.90,7.27,5.57
Spain,"Vigo Arpt",42.22,-8.63,5.07,8.89,12.78,17.80,20.34,23.57,23.49,21.14,16.92,10.62,6.35,5.05
Spain,"Villanova Arousa",42.60,-8.75,6.27,9.11,12.79,17.79,22.82,25.03,23.60,20.97,16.89,11.03,6.15,5.14
Spain,Vitoria,42.87,-1.67,4.99,8.01,12.37,15.69,19.39,21.31,21.92,18.92,14.86,9.95,5.59,4.40
Spain,"Zaragoza Arpt",41.67,-1.07,6.44,10.19,14.87,20.18,23.78,26.45,27.26,23.53,18.30,12.10,7.86,5.77
Switzerland,Basel,47.55,7.58,3.60,6.06,10.27,14.79,17.61,20.26,19.89,16.78,12.42,7.72,4.09,2.67
Switzerland,CorvatsSwitzerland,46.42,9.82,7.29,11.31,16.95,21.74,23.46,22.81,21.45,17.89,15.17,11.72,7.46,5.75
Switzerland,Davos,46.82,9.85,5.99,9.41,14.31,18.13,19.64,20.79,19.93,17.25,13.92,10.08,6.14,4.67
Switzerland,Geneve,46.25,6.13,3.76,6.94,11.92,16.28,19.10,21.96,21.33,18.03,13.70,8.25,4.55,2.94
Switzerland,JungfraujoSwitzerland,46.55,7.98,6.45,9.82,15.25,19.50,22.18,23.98,21.95,19.63,15.95,11.00,6.65,4.99
Switzerland,"La Dole",46.43,6.10,5.51,8.15,12.35,15.62,16.88,19.25,18.82,16.20,12.92,9.19,5.76,4.24
Switzerland,"Locarno - Monti",46.17,8.78,5.51,8.76,13.48,16.26,18.77,21.84,21.95,18.84,14.00,8.93,5.37,4.41
Switzerland,Payerne,46.82,6.95,3.66,6.67,11.19,15.50,18.52,21.32,20.61,17.30,13.06,7.68,4.27,2.88
Switzerland,Säntis,47.25,9.35,5.71,8.52,13.08,18.14,20.23,20.25,18.25,15.81,13.28,9.78,5.98,4.54
Switzerland,"ZüriSwitzerland - Kloten",47.48,8.53,3.45,6.34,10.61,15.21,17.62,18.93,18.94,16.36,12.19,7.11,3.88,2.60
Tunisia,"Sidi Bou Said",36.87,10.23,8.27,11.61,16.21,19.52,23.96,25.73,27.00,22.43,17.66,13.21,9.03,7.68
Tunisia,"Tunis - Carthage",36.80,10.18,9.00,11.88,16.54,20.79,23.60,27.23,25.83,23.73,17.36,13.76,9.73,7.61
Turkey,Adana,37.00,35.32,7.24,9.72,13.50,16.63,20.23,24.30,25.49,23.00,18.72,13.10,8.46,6.37
Turkey,Ankara,39.93,32.85,6.08,8.42,12.71,15.88,19.73,22.54,23.80,21.67,17.28,11.38,7.09,5.04
Turkey,Antalya,36.89,30.71,7.38,10.01,14.11,17.86,21.96,25.63,26.10,23.44,18.86,13.10,8.68,6.30
Turkey,Bursa,40.20,29.08,5.76,8.03,11.74,15.84,20.63,23.47,23.94,21.13,16.09,10.26,6.55,4.82
Turkey,Gaziantep,37.07,37.39,7.24,9.90,14.00,18.11,22.57,26.60,27.11,24.52,20.05,13.57,8.53,6.41
Turkey,Istanbul,41.10,29.00,5.33,7.92,12.20,17.32,22.86,26.17,26.96,23.29,17.42,10.55,6.41,4.50
Turkey,Izmir,38.43,27.15,7.45,10.01,14.26,18.36,23.26,26.50,26.64,23.76,18.58,12.78,8.32,6.26
Turkey,Konya,37.88,32.48,7.06,9.47,13.57,17.53,21.20,24.05,25.13,22.68,18.22,12.17,7.92,5.90
Ukraine,Chernihiv,51.50,31.30,3.35,5.94,9.90,13.68,17.89,18.29,18.11,15.84,10.33,6.12,3.28,2.48
Ukraine,Dnipropetrovsk,48.45,34.98,4.21,6.80,10.19,14.22,19.30,20.34,20.74,17.93,12.78,7.96,4.21,3.24
Ukraine,Donetsk,48.00,37.82,4.28,7.06,10.44,13.90,19.04,20.23,20.59,17.89,12.67,7.85,4.36,3.17
Ukraine,Kharkiv,49.98,36.22,4.03,7.13,10.69,13.57,18.11,19.58,19.80,16.67,11.38,6.95,4.07,3.02
Ukraine,Kherson,44.63,32.60,4.36,6.98,10.08,14.54,19.69,20.38,21.06,18.50,13.39,8.64,4.36,3.42
Ukraine,Kiev,50.33,30.97,2.86,6.01,10.42,13.50,18.59,19.55,19.05,16.93,12.67,6.63,3.44,2.44
Ukraine,"Krivyi Rih",47.92,33.35,4.39,6.77,10.22,14.11,18.97,20.09,20.45,17.75,12.38,7.88,4.25,3.42
Ukraine,Luhansk,48.57,39.33,4.10,7.06,10.73,13.86,18.76,20.20,20.20,17.42,12.06,7.38,4.18,2.92
Ukraine,Lviv,49.83,24.00,3.38,5.90,9.43,13.93,17.96,18.22,18.00,16.52,10.58,6.34,3.46,2.56
Ukraine,Makiivka,48.03,37.97,4.28,7.06,10.44,13.90,19.04,20.23,20.59,17.89,12.67,7.85,4.36,3.17
Ukraine,Mariupol,47.10,37.55,4.39,7.13,10.26,14.00,19.40,20.66,21.31,18.65,13.54,8.50,4.50,3.35
Ukraine,Mykolaiv,46.97,32.00,4.36,6.98,10.08,14.54,19.69,20.38,21.06,18.50,13.39,8.64,4.36,3.42
Ukraine,Odessa,46.48,30.63,3.67,6.40,11.28,16.12,21.17,21.60,21.15,20.89,15.17,9.22,5.03,3.05
Ukraine,Poltava,49.58,34.57,4.00,6.80,10.48,13.54,18.07,19.48,19.55,16.49,11.23,6.98,3.89,3.13
Ukraine,Sevastopol,44.60,33.53,4.39,6.98,10.44,15.26,20.02,21.31,22.75,19.58,14.72,9.32,4.93,3.42
Ukraine,Simferopol,44.95,34.10,4.39,6.98,10.44,15.26,20.02,21.31,22.75,19.58,14.72,9.32,4.93,3.42
Ukraine,Vinnytsia,49.23,28.48,4.07,6.73,10.04,13.82,18.18,19.19,18.86,16.81,11.27,7.13,4.14,3.38
Ukraine,Zaporizhia,47.85,35.17,4.21,6.80,10.19,14.22,19.30,20.34,20.74,17.93,12.78,7.96,4.21,3.24
US,"AK - Fairbanks",64.82,-147.87,0.36,2.88,8.28,14.40,18.36,20.16,18.36,13.32,8.28,3.60,1.08,0.00
US,"AL - Montgomery",32.30,-86.40,9.72,12.60,16.20,20.52,22.32,23.04,21.96,20.52,17.64,15.12,10.80,9.00
US,"AZ - Phoenix",33.43,-112.02,11.52,15.48,19.80,25.56,28.80,30.24,27.36,25.56,21.96,17.64,12.96,10.80
US,"AZ - Tucson",32.12,-110.93,12.24,15.84,20.16,25.56,28.44,29.16,25.56,24.12,21.60,18.00,13.68,11.52
US,"CA - Dagget",34.87,-116.78,11.52,15.12,19.80,25.20,28.44,30.24,28.80,26.28,22.68,17.64,12.96,10.44
US,"CA - Fresno",36.77,-119.72,7.56,11.52,16.92,22.68,27.00,29.16,28.80,25.92,21.24,15.48,9.72,6.84
US,"CA - Los Angeles",33.93,-118.40,10.08,12.96,17.28,21.96,23.04,23.76,25.56,23.40,19.08,15.12,11.52,9.36
US,"CA - San Diego",32.73,-117.17,11.16,14.04,17.64,21.96,22.68,23.40,24.84,23.40,19.44,15.84,12.24,10.44
US,"CA - Santa Maria",34.90,-120.45,10.08,13.32,17.64,22.32,25.20,26.64,27.00,24.48,20.16,15.84,11.52,9.72
US,"CO - Alamosa",37.45,-105.45,10.80,14.40,18.72,23.04,25.56,27.72,25.92,23.40,20.16,16.20,11.88,9.72
US,"CO - Boulder",40.02,-105.25,8.64,11.88,15.84,20.16,22.32,24.84,24.12,21.60,18.00,13.68,9.36,7.56
US,"CO - Grand Junction",39.12,-108.53,9.00,12.60,16.56,21.60,25.20,27.72,26.64,23.76,19.80,14.76,9.72,7.92
US,"FL - Daytona Beach",29.18,-81.05,11.16,14.04,18.00,22.32,23.04,21.96,21.60,20.52,17.64,15.12,12.24,10.44
US,"FL - Miami",25.80,-80.27,12.60,15.12,18.72,21.60,21.60,20.16,20.88,20.16,17.64,15.84,13.32,11.88
US,"FL - Tallahassee",30.38,-84.37,10.44,13.32,16.92,21.24,22.68,21.96,20.88,19.80,17.64,15.48,11.88,9.72
US,"GA - Atlanta",33.65,-84.43,9.36,12.24,16.20,20.52,22.32,23.04,22.32,20.52,17.28,14.76,10.44,8.64
US,"GA - Savannah",32.13,-81.20,10.08,12.60,16.92,20.88,22.32,22.68,21.96,19.80,16.92,14.76,11.16,9.36
US,"HI - Honolulu",31.33,-157.92,14.04,16.92,19.44,21.24,23.04,23.40,23.76,23.40,21.24,18.00,14.76,13.32
US,"ID - Boise",43.57,-116.22,5.76,9.00,13.68,19.08,23.40,25.92,27.36,23.76,18.36,12.24,6.84,5.04
US,"IN - Indianapolis",39.73,-86.28,7.20,10.08,13.32,17.64,21.24,23.40,22.68,20.16,16.56,11.88,7.56,5.76
US,"KS - Dodge City",37.77,-99.97,9.72,12.96,16.92,21.24,23.40,25.92,25.92,22.68,18.36,14.40,10.08,8.64
US,"LA - Lake Charles",30.12,-93.22,9.72,12.96,16.20,19.44,21.60,22.68,21.60,20.16,18.00,15.48,11.52,9.36
US,"MA - Boston",42.37,-71.03,6.84,9.72,13.32,16.92,20.16,21.96,21.96,19.44,15.48,10.80,6.84,5.40
US,"ME - Caribou",46.87,-68.02,5.76,9.36,13.68,16.56,18.72,20.52,20.16,17.28,12.96,8.28,5.04,4.32
US,"MO - Columbia",38.82,-92.22,7.92,10.80,14.40,18.72,21.60,23.76,23.76,21.24,16.56,12.60,8.28,3.60
US,"MT - Great Falls",47.48,-111.37,5.04,8.64,13.32,17.64,20.88,24.12,25.56,21.24,15.48,10.08,6.12,4.32
US,"NC - Cape Hatteras",35.27,-75.55,8.64,11.88,15.84,20.16,21.96,23.04,22.32,20.16,17.28,13.32,10.08,7.92
US,"NC - Raleigh",35.87,-78.78,8.64,11.52,15.84,19.80,21.60,22.68,21.96,19.80,16.56,13.68,9.72,7.92
US,"ND - Bismarck",46.77,-100.75,6.12,9.36,13.68,17.64,21.60,23.76,24.48,20.88,15.12,10.08,6.12,5.04
US,"NE - Omaha",41.37,-96.52,7.56,10.44,14.04,18.00,21.24,24.12,23.76,20.52,16.20,11.88,7.56,6.12
US,"NM - Albuquerque",35.05,-106.62,11.52,15.12,19.44,24.48,27.72,29.16,27.00,24.84,21.24,16.92,12.60,10.44
US,"NV - Ely",39.28,-114.85,9.36,12.24,16.20,20.88,23.76,27.00,26.28,23.40,20.16,14.76,10.08,7.92
US,"NV - Las Vegas",36.08,-115.17,10.80,14.40,19.44,24.84,28.08,30.24,28.44,25.92,22.32,16.92,12.24,10.08
US,"NY - Albany",42.75,-73.80,6.48,9.36,12.96,16.92,19.80,21.60,21.96,18.72,14.76,10.08,6.12,5.04
US,"NY - New York City",40.78,-73.97,6.84,9.72,13.68,17.64,20.52,21.96,21.60,19.44,15.48,11.52,7.20,5.76
US,"OR - Burns",43.58,-119.05,6.48,9.36,13.68,18.72,23.04,25.56,27.00,23.40,18.36,12.24,6.84,5.40
US,"OR - Eugene",44.12,-123.22,4.68,7.20,11.16,15.84,19.80,22.32,24.12,20.88,15.84,9.72,5.04,3.60
US,"OR - Medford",42.37,-122.87,5.40,8.64,13.32,18.72,23.40,26.28,27.72,24.12,18.72,11.88,6.12,4.32
US,"OR - Portland",45.60,-122.60,4.32,6.84,10.80,15.12,19.08,21.24,22.68,19.44,14.76,9.00,5.04,3.60
US,"OR - Redmond",44.27,-121.15,6.12,9.00,13.68,19.08,23.40,25.92,27.36,23.76,18.36,11.88,6.84,5.04
US,"PA - Pittsburgh",40.50,-80.22,6.12,9.00,12.60,16.56,19.80,21.96,21.24,18.72,15.12,10.80,6.48,5.04
US,"PR - San Juan",18.43,-66.00,15.48,17.64,20.52,21.96,20.88,21.96,21.96,21.60,19.80,17.64,15.48,14.40
US,"SC - Charleston",32.90,-80.03,9.72,12.60,16.92,21.24,22.32,22.32,21.96,19.80,16.92,14.76,11.16,9.00
US,"TN - Nashville",36.12,-86.68,8.28,11.16,14.76,19.44,21.60,23.40,22.68,20.52,16.92,13.68,9.00,7.20
US,"TX - Brownsville",25.90,-97.43,10.44,13.32,16.56,19.08,20.88,23.04,23.40,21.60,18.72,16.20,12.24,9.72
US,"TX - El Paso",31.80,-106.40,12.60,16.20,21.24,25.56,28.08,28.80,26.64,24.48,21.24,17.64,13.68,11.52
US,"TX - Fort Worth",32.83,-97.05,10.44,13.32,16.92,20.16,22.32,24.84,25.20,23.04,18.72,15.12,11.16,9.72
US,"TX - Midland",31.93,-102.20,11.88,15.12,19.80,23.40,25.20,26.28,25.20,23.40,19.44,16.56,12.96,10.80
US,"TX - San Antonio",29.53,-98.47,11.16,14.04,17.28,19.80,21.60,24.12,24.84,23.04,19.44,16.20,12.24,10.44
US,"UT - Salt Lake City",40.77,-111.97,6.84,10.44,14.76,19.44,23.40,26.64,26.28,23.40,18.72,13.32,7.92,6.12
US,"VA - Sterling",38.95,-77.45,7.56,10.44,14.40,18.00,20.88,22.68,21.60,19.44,15.84,12.24,8.28,6.48
US,"VT - Burlington",44.47,-73.47,5.76,9.36,12.96,16.56,19.80,21.60,21.96,18.72,14.40,9.36,5.76,4.32
US,"WA - Seattle",47.45,-122.30,3.60,6.12,10.08,14.76,19.08,20.88,21.96,18.72,13.68,7.92,4.32,2.88
US,"WI - Madison",43.13,-89.13,6.84,10.08,13.32,16.92,20.88,23.04,22.32,19.44,14.76,10.08,6.12,5.40
US,"WY - Lander",42.82,-108.73,7.92,11.52,15.84,20.16,23.04,25.56,25.20,22.68,18.00,12.96,8.28,6.84