id_region,lat,lon,radiationId,radiationAvg
1,42.3285528,-2.4674917,371,14.48833333
2,44.6108408,7.9428448,274,14.3075
3,-33.3117096,151.3120675,28,18.34666667
4,33.547545,-86.902243,437,16.62
5,-35.0549065,-71.2745634,103,11.15833333
6,38.0801239,13.2887208,288,15.95666667
7,46.4321441,4.7602062,175,12.2625
8,-33.3117096,151.3120675,28,18.34666667
9,47.27808725,4.222486304,170,12.18416667
10,44.6503104,8.0275084,274,14.3075
11,41.9250208,45.4616866,202,12.4025
12,-37.8056262,145.3319978,23,15.2975
13,-33.3117096,151.3120675,28,18.34666667
14,45.3442868,-122.6670374,474,12.66
15,44.9454417,4.8430943,180,14.1375
16,-33.3117096,151.3120675,28,18.34666667
17,-34.5563889,19.3416667,343,18.6975
18,38.5110803,-122.8473388,441,18.57
19,0,0,389,19.14
20,-28.9737214,25.0862166,341,18.8775
21,45.6782926,4.6890095,174,13.15
22,0,0,389,19.14
23,0,0,389,19.14
24,39.4699014,-0.3759513,391,16.05583333
25,32.7469891,-117.2516124,443,18.09
26,-36.7746685,174.5548889,322,13.87916667
27,46.9115071,4.6996302,170,12.18416667
28,-33.3117096,151.3120675,28,18.34666667
29,-33.8888719,151.190283,28,18.34666667
30,39.3565832,-120.1821578,441,18.57
31,0,0,389,19.14
32,41.232602,13.0891737,282,16.19416667
33,42.3327033,-87.9939552,489,14.1
34,0,0,389,19.14
35,37.9517536,23.6477047,246,15.715
36,0,0,389,19.14
37,0,0,389,19.14
38,-35.7764898,148.010062,28,18.34666667
39,43.604764,1.4540399,179,13.82083333
40,0,0,389,19.14
41,32.7469891,-117.2516124,443,18.09
42,0,0,389,19.14
43,42.4161908,-6.983967,380,15.53083333
44,-36.5576104,-72.6022911,103,11.15833333
45,0,0,389,19.14
46,0,0,389,19.14
47,41.0693267,14.8524578,267,14.89166667
48,44.7595585,-96.68264444,465,15.12
49,-32.8755548,-56.0201525,4,16.46666667
50,45.678969,8.408726,404,13.17666667
51,45.6312734,8.3012197,404,13.17666667
52,47.1947627,2.3785761,164,12.14666667
53,0,0,389,19.14
54,45.09019545,14.54966811,340,11.97916667
55,42.71255365,11.2280516,271,15.18583333
56,38.2971367,-122.2855293,441,18.57
57,0,0,389,19.14
58,48.421579,4.0481776,160,11.5575
59,-38.6954269,-62.2812182,4,16.46666667
60,0,0,389,19.14
61,0,0,389,19.14
62,45.8983636,11.6927814,289,12.89166667
63,44.7779286,-0.0573366,163,13.02166667
64,44.3641374,7.3660814,184,15.32666667
65,47.3307251,2.8390333,164,12.14666667
66,0,0,389,19.14
67,43.4215,2.94677,189,14.73333333
68,-33.643055,19.010556,343,18.6975
69,0,0,389,19.14
70,45.5872701,8.1943371,404,13.17666667
71,-33.3117096,151.3120675,28,18.34666667
72,0,0,389,19.14
73,-44.9129104,170.9916306,322,13.87916667
74,-23.0053563,-43.3297952,4,16.46666667
75,-34.4698592,-57.8433679,4,16.46666667
76,-23.0053563,-43.3297952,4,16.46666667
77,-33.9434247,-71.7380794,102,21.7525
78,-21.3789306,55.6190645,342,18.71333333
79,43.83143,5.7752136,176,15.80583333
80,0,0,389,19.14
81,38.0374278,12.5869952,288,15.95666667
82,-23.0053563,-43.3297952,4,16.46666667
83,45.376982,10.7962743,289,12.89166667
84,45.4399177,4.3878221,174,13.15
85,32.75174875,-16.98175205,325,15.9925
86,47.078553,-0.8367639,172,12.51916667
87,-23.0053563,-43.3297952,4,16.46666667
88,43.028542,12.44136,279,13.53666667
89,-33.376426,18.379189,343,18.6975
90,0,0,389,19.14
91,39.4591597,22.2130845,246,15.715
92,40.2894249,17.9994144,265,14.3425
93,-26.071047,-65.9800655,102,21.7525
94,0,0,389,19.14
95,0,0,389,19.14
96,0,0,389,19.14
97,43.734,3.54852,181,15.23
98,0,0,389,19.14
99,0,0,389,19.14
100,-23.0053563,-43.3297952,4,16.46666667
101,0,0,389,19.14
102,0,0,389,19.14
103,0,0,389,19.14
104,48.2817813,15.7632457,129,11.51083333
105,43.4586541,11.1389204,281,14.45916667
106,43.8170759,4.360587,181,15.23
107,41.8523094,1.5745043,356,15.84583333
108,40.9699889,-77.7278831,486,14.82
109,44.2091823,10.2612037,281,14.45916667
110,0,0,389,19.14
111,0,0,389,19.14
112,0,0,389,19.14
113,43.5520619,13.6053591,279,13.53666667
114,0,0,389,19.14
115,41.1172364,1.2546057,381,15.52
116,0,0,389,19.14
117,0,0,389,19.14
118,-34.4706676,150.4184048,28,18.34666667
119,-37.2895759,144.458757,23,15.2975
120,38.6267848,-8.79263466,326,17.3475
121,44.9253754,-0.165846,163,13.02166667
122,-23.0053563,-43.3297952,4,16.46666667
123,-44.99028505,-70.81737414,103,11.15833333
124,0,0,389,19.14
125,47.2827691,0.1788873,196,12.0275
126,0,0,389,19.14
127,-31.7280122,-71.2080683,102,21.7525
128,47.79697295,18.57719799,336,12.18333333
129,-33.52941,120.07625,21,19.9975
130,0,0,389,19.14
131,-34.548228,-71.4013194,103,11.15833333
132,38.2971367,-122.2855293,441,18.57
133,46.2784659,4.7688545,175,12.2625
134,34.0007493,-81.0343313,478,16.56
135,45.9977226,13.5273596,286,13.0925
136,47.512759,1.4588243,196,12.0275
137,0,0,389,19.14
138,34.9169592,32.49821227,122,18.74333333
139,41.1499443,24.1468286,246,15.715
140,0,0,389,19.14
141,43.2551115,-79.0714896,80,12.74916667
142,-34.6239248,-71.2671251,103,11.15833333
143,0,0,389,19.14
144,0,0,389,19.14
145,43.2871825,-0.3896425,188,12.78833333
146,0,0,389,19.14
147,44.1382621,4.9823958,168,15.39833333
148,-29.4127411,-66.8558795,102,21.7525
149,47.7357694,18.3654526,336,12.18333333
150,0,0,389,19.14
151,36.0223527,-81.4900963,463,15.81
152,38.6740264,23.0941149,246,15.715
153,45.3442868,-122.6670374,474,12.66
154,0,0,389,19.14
155,-29.573402,21.2051361,341,18.8775
156,39.3565832,-120.1821578,441,18.57
157,-33.1085238,-69.0129984,102,21.7525
158,43.3458388,13.1415872,279,13.53666667
159,48.0168,0.33179,196,12.0275
160,38,-121.4,441,18.57
161,45.1496279,11.6494087,289,12.89166667
162,44.170082,28.40117509,330,14.35583333
163,0,0,389,19.14
164,0,0,389,19.14
165,0,0,389,19.14
166,48.472601,15.676295,129,11.51083333
167,0,0,389,19.14
168,47.1864158,4.9533347,170,12.18416667
169,43.0200631,11.6087078,291,15.23083333
170,45.0907,4.84592,180,14.1375
171,-41.09940685,173.4288755,322,13.87916667
172,45.6476663,11.8665254,289,12.89166667
173,46.5122378,4.8982181,175,12.2625
174,46.3484884,18.701663,247,12.1875
175,38.7604815,-92.5617875,460,15.27
176,0,0,389,19.14
177,45.730099,7.387426,402,14.77916667
178,0,0,389,19.14
179,61.0666922,-107.9917071,74,11.27333333
180,0,0,389,19.14
181,38.046701,24.3251658,416,16.34833333
182,0,0,389,19.14
183,0,0,389,19.14
184,42.6570045,11.6465486,291,15.23083333
185,43.70391165,5.913477504,176,15.80583333
186,32.7930976,35.0148826,260,18.80666667
187,0,0,389,19.14
188,47.2455008,4.9728452,170,12.18416667
189,-36.1906591,-71.7513657,103,11.15833333
190,44.6945665,8.0141821,274,14.3075
191,48.1658637,21.38138243,337,11.31083333
192,0,0,389,19.14
193,0,0,389,19.14
194,0,0,389,19.14
195,-32.623053,152.1950829,28,18.34666667
196,0,0,389,19.14
197,0,0,389,19.14
198,0,0,389,19.14
199,44.1056956,4.657231,168,15.39833333
200,47.569832,5.3511733,170,12.18416667
201,-34.0494444,18.8344444,343,18.6975
202,0,0,389,19.14
203,-34.61341495,138.9385455,13,18.075
204,-29.354907,-50.1726428,4,16.46666667
205,0,0,389,19.14
206,36.8908864,15.0706454,269,16.59333333
207,36.6626521,-75.9346486,462,16.05
208,51.0834196,10.4234469,211,9.539166667
209,33.58458185,-111.8089768,438,20.64
210,47.1956198,4.959588539,170,12.18416667
211,36.4106263,25.4436646,416,16.34833333
212,0,0,389,19.14
213,0,0,389,19.14
214,-25.2303005,121.0187246,21,19.9975
215,-24.7761086,134.755,14,22.62916667
216,45.5002411,6.0608775,401,12.39666667
217,38.9391666,16.2634823,275,16.42583333
218,0,0,389,19.14
219,33.8750629,35.843409,308,17.37583333
220,45.5132,5.95937,401,12.39666667
221,40.2195354,15.1771512,277,15.12833333
222,0,0,389,19.14
223,32.7469891,-117.2516124,443,18.09
224,39.3565832,-120.1821578,441,18.57
225,44.4777617,8.7026296,274,14.3075
226,36.2131891,22.9858147,246,15.715
227,0,0,389,19.14
228,37.606639,12.967843,288,15.95666667
229,0,0,389,19.14
230,37.04379965,22.11336981,246,15.715
231,41.9808038,12.7662312,283,13.9525
232,0,0,389,19.14
233,36.9535613,22.1580433,246,15.715
234,31.9254929,34.8702683,262,18.36583333
235,47.8857587,19.95071909,247,12.1875
236,45.0233901,8.3345031,276,11.37666667
237,-46.2460264,169.7827317,322,13.87916667
238,0,0,389,19.14
239,40.8290824,15.1676079,277,15.12833333
240,-33.3117096,151.3120675,28,18.34666667
241,44.0933443,12.3960576,268,12.6425
242,0,0,389,19.14
243,-39.4343279,176.7652742,322,13.87916667
244,-34.4441275,116.0346584,20,21.0575
245,39.2654449,-123.2044496,473,15.72
246,46.2989681,4.7653692,175,12.2625
247,39.056633,-9.0076057,326,17.3475
248,47.7132623,3.6653566,160,11.5575
249,-35.295938,139.0364451,13,18.075
250,38.5110803,-122.8473388,441,18.57
251,0,0,389,19.14
252,0,0,389,19.14
253,-33.3117096,151.3120675,28,18.34666667
254,45.5906506,5.9179924,401,12.39666667
255,47.1671118,4.9531946,170,12.18416667
256,-29.18157965,-51.5832778,4,16.46666667
257,46.2224475,24.1106119,329,12.46833333
258,-18.3602663,-69.9587813,102,21.7525
259,45.5625404,-122.6665296,474,12.66
260,45.75385355,4.045473683,174,13.15
261,40.436528,18.04182,265,14.3425
262,43.4366788,6.654233407,184,15.32666667
263,49.9045181,8.2711082,219,10.6525
264,33.58458185,-111.8089768,438,20.64
265,45.34851865,11.95717971,289,12.89166667
266,0,0,389,19.14
267,-34.6126025,-68.330514,4,16.46666667
268,0,0,389,19.14
269,0,0,389,19.14
270,0,0,389,19.14
271,0,0,389,19.14
272,-23.0053563,-43.3297952,4,16.46666667
273,47.2069405,4.967493302,170,12.18416667
274,47.21420335,4.96863546,170,12.18416667
275,38.8682065,-1.0978627,349,17.0325
276,45.5296706,10.9400217,289,12.89166667
277,0,0,389,19.14
278,28.4010173,-82.5469092,448,17.34
279,-33.3117096,151.3120675,28,18.34666667
280,-37.2046363,-72.3576015,103,11.15833333
281,38.5110803,-122.8473388,441,18.57
282,0,0,389,19.14
283,-33.3117096,151.3120675,28,18.34666667
284,-23.0053563,-43.3297952,4,16.46666667
285,-34.90135165,138.8293203,13,18.075
286,52.9996895,9.0801053,213,9.669166667
287,0,0,389,19.14
288,-33.3117096,151.3120675,28,18.34666667
289,-34.9822479,138.7262528,13,18.075
290,42.966765,2.1817641,167,13.86916667
291,39.3565832,-120.1821578,441,18.57
292,47.19806455,4.95900208,170,12.18416667
293,44.87241305,7.307367082,171,15.35666667
294,-26.3572222,28.7816667,342,18.71333333
295,41.2137983,0.811623628,370,16.25916667
296,45.3442868,-122.6670374,474,12.66
297,33.58458185,-111.8089768,438,20.64
298,43.2185295,12.9872027,279,13.53666667
299,42.965916,12.490236,279,13.53666667
300,45.8734603,12.0275133,270,12.94916667
301,0,0,389,19.14
302,0,0,389,19.14
303,0,0,389,19.14
304,0,0,389,19.14
305,46.0893824,4.6470174,175,12.2625
306,0,0,389,19.14
307,0,0,389,19.14
308,44.6993395,6.8687131,171,15.35666667
309,0,0,389,19.14
310,43.6365799,-79.9940653,49,12.0925
311,41.6085193,-4.4339323,393,16.245
312,45.9852129,24.6859225,329,12.46833333
313,-23.0053563,-43.3297952,4,16.46666667
314,-43.49417615,171.8098448,322,13.87916667
315,41.9533522,-3.4780483,388,16.21416667
316,0,0,389,19.14
317,0,0,389,19.14
318,36.84229325,15.10697746,269,16.59333333
319,39.6214952,-84.198677,455,14.79
320,47.134979,4.9540989,170,12.18416667
321,47.286747,28.5110236,318,12.78083333
322,0,0,389,19.14
323,44.6249918,1.665774217,179,13.82083333
324,0,0,389,19.14
325,0,0,389,19.14
326,41.5216963,-5.3939824,323,15.45833333
327,38.2971367,-122.2855293,441,18.57
328,0,0,389,19.14
329,48.6264989,1.8579936,197,11.49
330,41.5876342,-72.70696778,470,14.28
331,48.0733468,20.651781,338,11.83
332,38.5110803,-122.8473388,441,18.57
333,-35.5972284,-71.48868,103,11.15833333
334,-41.2183252,175.4594856,322,13.87916667
335,0,0,389,19.14
336,34.9125401,32.4257815,122,18.74333333
337,47.3043825,16.19313411,248,12.15166667
338,41.08474385,16.27094119,263,15.06166667
339,-47.1110925,-68.29781504,103,11.15833333
340,-33.3117096,151.3120675,28,18.34666667
341,0,0,389,19.14
342,-34.6822337,-56.2911865,4,16.46666667
343,42.4794084,3.1275893,189,14.73333333
344,0,0,389,19.14
345,0,0,389,19.14
346,39.247472,16.3045561,277,15.12833333
347,40.9842539,16.6210027,263,15.06166667
348,37.0174596,-7.973911066,324,19.06166667
349,-33.7366936,-69.1185092,4,16.46666667
350,43.1486332,2.7942614,189,14.73333333
351,-33.3117096,151.3120675,28,18.34666667
352,47.6831795,2.6534443,164,12.14666667
353,48.1718972,2.2561863,187,10.96166667
354,46.07327765,3.915921937,169,12.43416667
355,44.1128312,15.2264693,118,11.76333333
356,44.753007,11.009671,289,12.89166667
357,43.6211955,-84.6824346,100,12.52416667
358,33.8254023,-6.0807404,321,18.72833333
359,0,0,389,19.14
360,-33.546977,20.72753,343,18.6975
361,47.0628612,4.8185532,170,12.18416667
362,37.751428,-87.139672,479,15.72
363,47.2261857,4.9705666,170,12.18416667
364,40.860672,14.843984,267,14.89166667
365,44.4783698,11.3818595,268,12.6425
366,0,0,389,19.14
367,43.5647,3.19044,178,13.91666667
368,0,0,389,19.14
369,33.58458185,-111.8089768,438,20.64
370,0,0,389,19.14
371,-46.4321345,-67.94937405,103,11.15833333
372,45.9160611,13.458748,286,13.0925
373,47.0731697,4.868231646,170,12.18416667
374,39.1748426,-6.1529891,358,17.24666667
375,38.792,-122.570971,441,18.57
376,37.0646139,15.2907196,269,16.59333333
377,40.248604,15.190058,277,15.12833333
378,0,0,389,19.14
379,37.9386936,22.9280447,246,15.715
380,41.44974,2.210299,355,15.6725
381,0,0,389,19.14
382,-33.9531776,115.0769369,20,21.0575
383,-34.1486111,19.0427778,343,18.6975
384,45.6476663,11.8665254,289,12.89166667
385,47.4920035,-0.5021085,183,12.37916667
386,0,0,389,19.14
387,-34.5951621,-56.2537148,4,16.46666667
388,-33.3117096,151.3120675,28,18.34666667
389,42.6817633,26.3153528,328,14.0575
390,38.0315592,14.7725171,275,16.42583333
391,0,0,389,19.14
392,46.93636,4.72736,170,12.18416667
393,49.35551035,4.06814172,190,11.15
394,0,0,389,19.14
395,39.9020296,22.54849,246,15.715
396,-41.1515967,172.9961297,322,13.87916667
397,47.4996989,1.4611064,196,12.0275
398,0,0,389,19.14
399,51.90263795,10.42476853,211,9.539166667
400,41.2889874,1.5911757,356,15.84583333
401,45.7083528,13.733628,286,13.0925
402,46.9862244,4.7467921,170,12.18416667
403,0,0,389,19.14
404,0,0,389,19.14
405,42.6073975,25.4856617,328,14.0575
406,-34.920215,138.8284007,13,18.075
407,39.3565832,-120.1821578,441,18.57
408,0,0,389,19.14
409,38.4734708,-1.3285448,376,17.46666667
410,47.4136687,0.7998446,196,12.0275
411,44.841225,-0.5800364,163,13.02166667
412,0,0,389,19.14
413,-33.3117096,151.3120675,28,18.34666667
414,45.5643442,17.0118954,29,12.57416667
415,48.83520025,2.445135855,186,11.13833333
416,-33.883948,18.9271246,343,18.6975
417,43.4173595,6.266128785,184,15.32666667
418,-23.0053563,-43.3297952,4,16.46666667
419,43.6955276,0.410101918,158,13.35083333
420,38.7877904,-84.8101254,455,14.79
421,-31.9961261,-68.7644217,102,21.7525
422,40.8498824,14.2294206,273,15.625
423,0,0,389,19.14
424,46.9783803,4.7694038,170,12.18416667
425,42.611735,-77.2919246,35,12.22583333
426,47.75305525,7.385015,398,11.34666667
427,0,0,389,19.14
428,0,0,389,19.14
429,0,0,389,19.14
430,0,0,389,19.14
431,-38.3695057,-69.832275,103,11.15833333
432,45.423994,17.882287,29,12.57416667
433,0,0,389,19.14
434,40.6325442,-8.659164151,327,14.8075
435,47.8030761,16.64696197,248,12.15166667
436,45.5475595,10.7242145,289,12.89166667
437,43.0538068,2.2176533,167,13.86916667
438,38,-121.4,441,18.57
439,35.000074,104.999927,116,15.125
440,47.2500001,15.1666665,340,11.97916667
441,47.2201931,4.966842121,170,12.18416667
442,0,0,389,19.14
443,32.6900085,35.4159734,260,18.80666667
444,38,-121.4,441,18.57
445,-33.666635,18.580989,343,18.6975
446,-33.7641013,19.5959321,343,18.6975
447,43.0542733,2.512471457,167,13.86916667
448,-34.5788471,-58.4353082,4,16.46666667
449,-34.3898607,-71.1718297,102,21.7525
450,43.2811054,-2.1793064,385,12.3675
451,-33.3117096,151.3120675,28,18.34666667
452,0,0,389,19.14
453,32.020114,-102.713209,483,19.17
454,46.7703522,-0.4318968,185,13.01666667
455,-35.003996,138.7164521,13,18.075
456,44.4270691,8.7868476,274,14.3075
457,43.0711952,12.6146669,279,13.53666667
458,36.7235378,-4.42351,375,17.88833333
459,40.3856618,17.9637483,265,14.3425
460,43.4296529,10.4822036,281,14.45916667
461,0,0,389,19.14
462,38.5110803,-122.8473388,441,18.57
463,48.2771082,14.2767326,235,10.73083333
464,49.45603675,-120.1907517,57,11.76
465,40.945711,14.231429,273,15.625
466,32.7469891,-117.2516124,443,18.09
467,-33.9416681,22.4195391,343,18.6975
468,0,0,389,19.14
469,26.2540493,29.2675469,137,21.87833333
470,-34.6075616,-58.437076,4,16.46666667
471,0,0,389,19.14
472,38.2971367,-122.2855293,441,18.57
473,48.1299677,15.5993819,129,11.51083333
474,38,-121.4,441,18.57
475,46.1127081,11.3064236,289,12.89166667
476,46.94497,4.75393,170,12.18416667
477,-46.74517175,-67.13983019,103,11.15833333
478,41.5887793,9.2840905,159,15.84333333
479,36.4044251,25.3958561,416,16.34833333
480,44.8411394,0.7425907,158,13.35083333
481,41.4357652,-8.2953134,327,14.8075
482,0,0,389,19.14
483,-49.147049,-72.4839249,103,11.15833333
484,0,0,389,19.14
485,-28.8166236,24.991639,341,18.8775
486,46.5097977,4.862258,175,12.2625
487,-34.8332036,19.9999325,343,18.6975
488,0,0,389,19.14
489,47.06938005,4.857646777,170,12.18416667
490,39.3565832,-120.1821578,441,18.57
491,0,0,389,19.14
492,42.227681,13.854983,284,13.34666667
493,-33.0801379,-68.8862665,4,16.46666667
494,-34.61341495,138.9385455,13,18.075
495,29.6642381,-98.1444271,484,17.85
496,0,0,389,19.14
497,-38.243315,145.0885432,23,15.2975
498,44.73110855,-0.318706385,163,13.02166667
499,36.8100217,14.8175347,269,16.59333333
500,39.4177902,-2.6232332,349,17.0325
501,45.523749,6.0116094,401,12.39666667
502,-35.07216595,-71.25589332,103,11.15833333
503,41.8988768,12.5035512,283,13.9525
504,43.2924591,-2.9921018,357,12.29583333
505,46.7985624,8.2319736,402,14.77916667
506,46.2039175,24.54602999,329,12.46833333
507,37.751428,-87.139672,479,15.72
508,45.66131875,10.68510434,289,12.89166667
509,-33.1184629,-68.8859261,4,16.46666667
510,0,0,389,19.14
511,0,0,389,19.14
512,0,0,389,19.14
513,0,0,389,19.14
514,0,0,389,19.14
515,0,0,389,19.14
516,40.7092763,9.698963,264,15.0275
517,45.15883225,25.44781301,328,14.0575
518,0,0,389,19.14
519,46.3508165,4.700772,175,12.2625
520,0,0,389,19.14
521,0,0,389,19.14
522,-34.3259555,19.5681494,343,18.6975
523,-36.5860356,140.5218734,25,15.285
524,46.2175474,4.5203971,175,12.2625
525,47.3830917,-0.6570828,183,12.37916667
526,31.8514532,-109.8181858,439,20.49
527,38.29501795,-122.4759997,441,18.57
528,41.6809707,44.0287382,199,12.50083333
529,-30.3924889,-69.2099108,102,21.7525
530,-33.8402778,18.6494444,343,18.6975
531,-30.5343665,135.6301212,13,18.075
532,38.29501795,-122.4759997,441,18.57
533,45.8483997,12.0472209,270,12.94916667
534,47.0016955,4.7811102,170,12.18416667
535,-33.3117096,151.3120675,28,18.34666667
536,38.2971367,-122.2855293,441,18.57
537,46.9928724,4.7658083,170,12.18416667
538,45.4889832,3.8949653,169,12.43416667
539,-41.0773358,175.658192,322,13.87916667
540,45.7832809,11.7906828,289,12.89166667
541,46.0162019,13.54891023,286,13.0925
542,45.3442868,-122.6670374,474,12.66
543,44.6316828,-0.3349069,163,13.02166667
544,0,0,389,19.14
545,33.547545,-86.902243,437,16.62
546,47.1772352,4.9643152,170,12.18416667
547,0,0,389,19.14
548,43.3207966,5.368422914,176,15.80583333
549,46.4358751,5.3421832,175,12.2625
550,46.0664228,11.1257601,289,12.89166667
551,35.6729639,-79.0392919,463,15.81
552,42.61884635,-6.65184367,380,15.53083333
553,-39.6650033,-65.4144268,4,16.46666667
554,0,0,389,19.14
555,-43.1052329,172.7679265,322,13.87916667
556,38.63117475,-8.913360268,326,17.3475
557,42.7274798,12.2545458,291,15.23083333
558,0,0,389,19.14
559,0,0,389,19.14
560,0,0,389,19.14
561,0,0,389,19.14
562,39.3176491,-123.4126399,473,15.72
563,0,0,389,19.14
564,45.5585306,-0.498764,185,13.01666667
565,38.9016248,-9.118728,326,17.3475
566,0,0,389,19.14
567,41.7584063,-4.6990798,393,16.245
568,47.504516,16.49443026,248,12.15166667
569,-33.6348808,-70.5729961,102,21.7525
570,-33.3117096,151.3120675,28,18.34666667
571,0,0,389,19.14
572,0,0,389,19.14
573,35.021041,135.7556075,304,15.125
574,-33.9359931,18.8741204,343,18.6975
575,32.7469891,-117.2516124,443,18.09
576,-33.3117096,151.3120675,28,18.34666667
577,0,0,389,19.14
578,44.8534568,0.487531,158,13.35083333
579,0,0,389,19.14
580,46.603354,1.8883335,164,12.14666667
581,40.7798952,14.0886704,273,15.625
582,38.29501795,-122.4759997,441,18.57
583,42.3251075,1.6057884,167,13.86916667
584,-34.6666979,139.1299649,13,18.075
585,-33.3117096,151.3120675,28,18.34666667
586,0,0,389,19.14
587,45.0630557,7.7000997,274,14.3075
588,-32.5016978,19.2550823,343,18.6975
589,44.8454885,-0.5328314,163,13.02166667
590,41.9940075,21.4394921,315,13.27833333
591,45.73895515,10.07081881,399,15.25
592,44.183342,0.6216957,158,13.35083333
593,0,0,389,19.14
594,42.01523205,-3.729163443,393,16.245
595,-35.0641302,138.8586385,13,18.075
596,46.06098335,14.52631634,340,11.97916667
597,0,0,389,19.14
598,46.2116398,12.4131488,270,12.94916667
599,36.6626521,-75.9346486,462,16.05
600,0,0,389,19.14
601,31.0826699,-98.5361482,484,17.85
602,37.7309803,13.1831444,288,15.95666667
603,0,0,389,19.14
604,40.0796606,-89.4337288,460,15.27
605,44.1085491,0.459414315,158,13.35083333
606,-32.6056264,18.9340699,343,18.6975
607,0,0,389,19.14
608,46.5319384,4.5572029,175,12.2625
609,0,0,389,19.14
610,33.2227869,35.6392669,308,17.37583333
611,30.5,34.9166667,139,19.80583333
612,39.3565832,-120.1821578,441,18.57
613,38.5110803,-122.8473388,441,18.57
614,-33.934444,18.869167,343,18.6975
615,-35.2172617,138.5416998,13,18.075
616,-42.035067,146.6366887,17,15.2725
617,45.27374695,-0.499559618,163,13.02166667
618,0,0,389,19.14
619,44.2360427,8.4298691,274,14.3075
620,0,0,389,19.14
621,40.796728,16.92359,265,14.3425
622,-23.0053563,-43.3297952,4,16.46666667
623,0,0,389,19.14
624,49.3549588,6.1578459,312,9.9425
625,44.6043291,-0.323435,163,13.02166667
626,0,0,389,19.14
627,46.85967165,15.85036475,117,11.46333333
628,45.94521685,13.52962142,286,13.0925
629,-34.80940095,148.1088141,28,18.34666667
630,-29.0922692,-51.45517118,4,16.46666667
631,47.0178048,4.789958023,170,12.18416667
632,-36.3594895,146.6870123,28,18.34666667
633,45.6476663,11.8665254,289,12.89166667
634,41.17004195,-7.304749812,327,14.8075
635,44.4495,1.4364999,179,13.82083333
636,0,0,389,19.14
637,34.5708167,-105.993007,466,20.04
638,40.6792089,-85.7019246,455,14.79
639,0,0,389,19.14
640,0,0,389,19.14
641,45.34851865,11.95717971,289,12.89166667
642,-43.586562,171.2123294,322,13.87916667
643,0,0,389,19.14
644,0,0,389,19.14
645,-33.3117096,151.3120675,28,18.34666667
646,47.2000338,13.199959,270,12.94916667
647,0,0,389,19.14
648,0,0,389,19.14
649,0,0,389,19.14
650,47.0754421,4.874665256,170,12.18416667
651,-35.5165547,147.0340204,28,18.34666667
652,42.7186152,12.1087907,291,15.23083333
653,38,-121.4,441,18.57
654,0,0,389,19.14
655,39.3565832,-120.1821578,441,18.57
656,46.2969485,4.7241794,175,12.2625
657,0,0,389,19.14
658,48.68049515,2.172205159,197,11.49
659,39.6214952,-84.198677,455,14.79
660,0,0,389,19.14
661,-36.71733,146.4796117,28,18.34666667
662,45.942126,13.640288,286,13.0925
663,0,0,389,19.14
664,0,0,389,19.14
665,0,0,389,19.14
666,0,0,389,19.14
667,0,0,389,19.14
668,46.1384747,4.6420871,175,12.2625
669,0,0,389,19.14
670,0,0,389,19.14
671,45.90802,13.5165379,286,13.0925
672,48.4127894,15.566652,129,11.51083333
673,47.2315397,2.4886282,164,12.14666667
674,32.8616632,35.2640128,260,18.80666667
675,38.2971367,-122.2855293,441,18.57
676,46.7031249,12.3548006,270,12.94916667
677,44.841225,-0.5800364,163,13.02166667
678,38.7594573,-3.3847392,360,16.8325
679,0,0,389,19.14
680,47.1982294,16.411415,248,12.15166667
681,38.2971367,-122.2855293,441,18.57
682,0,0,389,19.14
683,39.6639818,20.8522784,313,13.54166667
684,44.669043,8.258442,274,14.3075
685,45.4569775,10.1462625,280,12.80666667
686,-33.3723648,-69.1479533,4,16.46666667
687,49.2201995,16.5189757,129,11.51083333
688,0,0,389,19.14
689,-34.6403243,-71.3661297,103,11.15833333
690,29.03970805,-13.63629161,389,19.14
691,-25.6270251,29.237252,342,18.71333333
692,39.3565832,-120.1821578,441,18.57
693,31.6723455,-110.6619555,439,20.49
694,45.3442868,-122.6670374,474,12.66
695,45.4559451,5.5192803,174,13.15
696,-33.3117096,151.3120675,28,18.34666667
697,41.8880387,-8.5542415,394,14.335
698,41.3527628,-1.6422977,397,16.39416667
699,48.1426648,16.9575167,335,11.76333333
700,47.25417435,-0.066185389,196,12.0275
701,46.1125998,4.7301906,175,12.2625
702,0,0,389,19.14
703,40.28948215,23.40939243,246,15.715
704,-11.3299555,-67.6954911,102,21.7525
705,0,0,389,19.14
706,0,0,389,19.14
707,38.0692748,21.87273042,246,15.715
708,-33.3117096,151.3120675,28,18.34666667
709,-36.7930971,175.088401,322,13.87916667
710,37.5603691,15.0617632,275,16.42583333
711,43.1739813,16.55647207,29,12.57416667
712,38.5110803,-122.8473388,441,18.57
713,48.8291991,-0.714052069,166,11.07916667
714,40.06160405,9.097753807,264,15.0275
715,42.18808965,9.068413771,159,15.84333333
716,0,0,389,19.14
717,46.3869887,4.7516351,175,12.2625
718,46.7966369,4.7494197,175,12.2625
719,-34.9853329,-71.2394072,103,11.15833333
720,32.7469891,-117.2516124,443,18.09
721,40.2253569,-82.6881395,100,12.52416667
722,39.3565832,-120.1821578,441,18.57
723,0,0,389,19.14
724,43.4677993,11.0432115,281,14.45916667
725,-23.0053563,-43.3297952,4,16.46666667
726,38.8420973,-7.5871415,354,17.42333333
727,38.6136138,-1.1156761,376,17.46666667
728,45.4548329,9.2136403,276,11.37666667
729,-34.5242373,-56.2817519,4,16.46666667
730,40.9704298,-4.3796261,393,16.245
731,41.737352,45.6721781,202,12.4025
732,0,0,389,19.14
733,39.381732,17.0613529,265,14.3425
734,0,0,389,19.14
735,0,0,389,19.14
736,43.7152761,3.488880169,181,15.23
737,34.79489125,32.98558938,124,18.74333333
738,0,0,389,19.14
739,38.8379348,0.1021294,391,16.05583333
740,38.5110803,-122.8473388,441,18.57
741,-33.3205864,-71.4100762,102,21.7525
742,0,0,389,19.14
743,36.9809772,14.5505655,272,17.32
744,43.9016766,1.8967943,179,13.82083333
745,40.0757384,-74.4041622,470,14.28
746,41.209752,-122.2716101,473,15.72
747,45.5625404,-122.6665296,474,12.66
748,36.9514957,14.5304867,272,17.32
749,43.4069838,3.509504,181,15.23
750,-32.8332395,-55.5302431,4,16.46666667
751,52.4760892,-71.8258668,60,10.51583333
752,0,0,389,19.14
753,33.58458185,-111.8089768,438,20.64
754,47.1667182,0.2402095,196,12.0275
755,-33.3117096,151.3120675,28,18.34666667
756,0,0,389,19.14
757,46.2119329,4.7190138,175,12.2625
758,37.3399964,-4.5811614,361,16.78666667
759,47.5353456,21.56437286,337,11.31083333
760,45.8810201,5.1383614,174,13.15
761,0,0,389,19.14
762,0,0,389,19.14
763,0,0,389,19.14
764,46.9466831,4.7373286,170,12.18416667
765,38.2660243,20.53730065,313,13.54166667
766,0,0,389,19.14
767,40.0113483,22.1352342,246,15.715
768,42.7824434,12.4062554,279,13.53666667
769,0,0,389,19.14
770,0,0,389,19.14
771,0,0,389,19.14
772,0,0,389,19.14
773,0,0,389,19.14
774,41.684672,14.595614,267,14.89166667
775,32.7469891,-117.2516124,443,18.09
776,45.7081441,11.5647668,289,12.89166667
777,47.2843794,0.1256895,196,12.0275
778,47.4013892,4.1072943,160,11.5575
779,34.0007493,-81.0343313,478,16.56
780,-23.0053563,-43.3297952,4,16.46666667
781,-32.9451452,-60.7279173,4,16.46666667
782,42.5364691,12.0276094,291,15.23083333
783,-33.3117096,151.3120675,28,18.34666667
784,0,0,389,19.14
785,45.03685465,9.137825083,276,11.37666667
786,-41.1499965,147.0671858,17,15.2725
787,41.44389565,1.188511332,370,16.25916667
788,40.8049481,8.569909699,159,15.84333333
789,0,0,389,19.14
790,47.5077338,1.1220406,196,12.0275
791,0,0,389,19.14
792,0,0,389,19.14
793,36.7014631,-118.7559974,441,18.57
794,-33.3117096,151.3120675,28,18.34666667
795,0,0,389,19.14
796,38.29501795,-122.4759997,441,18.57
797,0,0,389,19.14
798,0,0,389,19.14
799,0,0,389,19.14
800,41.352318,13.953717,273,15.625
801,45.5305976,14.7033187,340,11.97916667
802,0,0,389,19.14
803,0,0,389,19.14
804,0,0,389,19.14
805,37.96299085,22.73334237,246,15.715
806,44.0648317,7.7882552,274,14.3075
807,45.5154895,12.6765329,287,12.69833333
808,47.7095043,16.0211773,248,12.15166667
809,0,0,389,19.14
810,47.3881023,0.8269289,196,12.0275
811,0,0,389,19.14
812,0,0,389,19.14
813,0,0,389,19.14
814,0,0,389,19.14
815,-33.3117096,151.3120675,28,18.34666667
816,-37.32798315,143.4240561,23,15.2975
817,0,0,389,19.14
818,47.21640375,4.970988372,170,12.18416667
819,40.1584206,24.3272583,246,15.715
820,45.1860043,9.1546375,276,11.37666667
821,45.4386066,10.5979325,289,12.89166667
822,35.2788061,24.93428854,416,16.34833333
823,0,0,389,19.14
824,0,0,389,19.14
825,0,0,389,19.14
826,52.1176879,11.638457,223,10.45416667
827,46.9895828,6.9292641,405,11.88833333
828,0,0,389,19.14
829,44.0119,4.69927,168,15.39833333
830,37.7510251,14.9940321,275,16.42583333
831,0,0,389,19.14
832,33.6810179,35.84169882,308,17.37583333
833,48.8916709,2.2540698,186,11.13833333
834,-33.3117096,151.3120675,28,18.34666667
835,0,0,389,19.14
836,39.9207456,32.8540905,411,14.30166667
837,47.065556,15.4518867,117,11.46333333
838,44.791815,-0.6577001,163,13.02166667
839,-34.41561915,148.5634257,28,18.34666667
840,-33.32924175,149.1081466,28,18.34666667
841,31.8160381,-99.5120986,484,17.85
842,0,0,389,19.14
843,-34.9990365,-71.3817116,103,11.15833333
844,46.9455125,4.7384962,170,12.18416667
845,0,0,389,19.14
846,0,0,389,19.14
847,0,0,389,19.14
848,0,0,389,19.14
849,45.8133113,14.4808369,340,11.97916667
850,33.5950627,-7.6187768,321,18.72833333
851,46.2331191,5.3544518,175,12.2625
852,-41.5635411,173.5314071,322,13.87916667
853,46.5608687,2.1962014,164,12.14666667
854,-33.3117096,151.3120675,28,18.34666667
855,0,0,389,19.14
856,0,0,389,19.14
857,38.353738,-0.4901846,350,16.88583333
858,33.58458185,-111.8089768,438,20.64
859,43.6881371,-89.0494254,489,14.1
860,0,0,389,19.14
861,44.2226017,12.0409384,268,12.6425
862,-33.3117096,151.3120675,28,18.34666667
863,39.3680634,-9.187304366,326,17.3475
864,35.2182804,25.1921764,416,16.34833333
865,41.85941065,20.01813367,3,14.40916667
866,43.1357717,5.7523647,176,15.80583333
867,0,0,389,19.14
868,41.6757169,-3.715791489,393,16.245
869,0,0,389,19.14
870,0,0,389,19.14
871,0,0,389,19.14
872,44.0372,4.69136,168,15.39833333
873,10.691262,-61.55434593,477,19.11
874,38.2217528,15.6344488,275,16.42583333
875,0,0,389,19.14
876,38.5110803,-122.8473388,441,18.57
877,45.61244435,10.05328133,280,12.80666667
878,-33.3117096,151.3120675,28,18.34666667
879,46.2029456,4.727418126,175,12.2625
880,34.0007493,-81.0343313,478,16.56
881,40.51703795,22.18071973,246,15.715
882,41.77857805,1.890343429,356,15.84583333
883,0,0,389,19.14
884,-10.3333333,-53.2,102,21.7525
885,0,0,389,19.14
886,50.2543216,7.46444098,210,9.856666667
887,39.3565832,-120.1821578,441,18.57
888,-41.47447475,173.8330263,322,13.87916667
889,46.4358751,5.3421832,175,12.2625
890,43.2752976,11.9850623,279,13.53666667
891,47.0668663,4.8872591,170,12.18416667
892,0,0,389,19.14
893,44.2365873,1.7689625,179,13.82083333
894,0,0,389,19.14
895,0,0,389,19.14
896,43.4586541,11.1389204,281,14.45916667
897,-23.0053563,-43.3297952,4,16.46666667
898,-33.3117096,151.3120675,28,18.34666667
899,37.751428,-87.139672,479,15.72
900,39.3565832,-120.1821578,441,18.57
901,45.6942819,10.9755218,289,12.89166667
902,39.0647986,16.1649047,275,16.42583333
903,0,0,389,19.14
904,38.198077,-95.3067461,460,15.27
905,43.2340065,10.6179334,281,14.45916667
906,43.0690597,13.1492771,284,13.34666667
907,37.82133,22.6622062,246,15.715
908,37.2454248,-8.150925273,324,19.06166667
909,44.1013323,11.9623423,268,12.6425
910,0,0,389,19.14
911,0,0,389,19.14
912,0,0,389,19.14
913,36.688463,23.0516857,246,15.715
914,-33.64019,115.3748,20,21.0575
915,43.2069251,3.0770387,189,14.73333333
916,0,0,389,19.14
917,47.0087919,4.7962295,170,12.18416667
918,33.8439408,9.400138,409,17.255
919,0,0,389,19.14
920,44.00996945,-0.643387235,188,12.78833333
921,-33.5146115,150.8666465,28,18.34666667
922,40.81075705,-7.492524332,327,14.8075
923,-30.6382918,-71.283904,102,21.7525
924,42.61254875,-1.830787683,379,15.04666667
925,-34.5659957,146.0002828,28,18.34666667
926,-34.51260725,138.4438283,13,18.075
927,46.9110621,4.655791,170,12.18416667
928,47.6594864,-0.8186143,183,12.37916667
929,37.3660757,-81.6478197,463,15.81
930,46.0672017,4.5998139,175,12.2625
931,36.9727671,14.5519145,272,17.32
932,-33.8333914,138.6120042,13,18.075
933,43.3126281,2.6608686,167,13.86916667
934,41.7211706,-79.5375503,476,13.62
935,38,-121.4,441,18.57
936,0,0,389,19.14
937,39.3565832,-120.1821578,441,18.57
938,47.6803063,16.5983457,248,12.15166667
939,39.7525193,20.6490235,313,13.54166667
940,40.7696272,44.6736646,11,13.09916667
941,34.0007493,-81.0343313,478,16.56
942,42.6384261,12.674297,284,13.34666667
943,45.18937235,13.91819614,286,13.0925
944,46.05472,13.251754,287,12.69833333
945,37.4293371,22.40733317,246,15.715
946,0,0,389,19.14
947,0,0,389,19.14
948,0,0,389,19.14
949,44.0968837,12.52303,268,12.6425
950,48.24385095,7.39187905,195,11.26333333
951,44.7254469,8.0806959,274,14.3075
952,-41.47447475,173.8330263,322,13.87916667
953,42.764927,-83.497657,100,12.52416667
954,0,0,389,19.14
955,0,0,389,19.14
956,44.5307822,7.9472329,274,14.3075
957,0,0,389,19.14
958,-33.6095279,-70.5754736,102,21.7525
959,37.6351274,22.7287475,246,15.715
960,0,0,389,19.14
961,-33.3117096,151.3120675,28,18.34666667
962,0,0,389,19.14
963,43.3488334,2.3973401,167,13.86916667
964,0,0,389,19.14
965,45.0736769,-0.7905774,163,13.02166667
966,0,0,389,19.14
967,43.5502022,-0.0580853,188,12.78833333
968,-41.62808,147.28384,17,15.2725
969,44.9229141,-0.2740925,163,13.02166667
970,0,0,389,19.14
971,45.8697644,18.4555208,29,12.57416667
972,0,0,389,19.14
973,0,0,389,19.14
974,33.58458185,-111.8089768,438,20.64
975,0,0,389,19.14
976,0,0,389,19.14
977,0,0,389,19.14
978,0,0,389,19.14
979,38.49104545,-8.027342986,354,17.42333333
980,40.1742781,18.1678388,265,14.3425
981,0,0,389,19.14
982,47.1713647,4.9538051,170,12.18416667
983,39.3565832,-120.1821578,441,18.57
984,0,0,389,19.14
985,0,0,389,19.14
986,46.65594215,11.22963726,270,12.94916667
987,44.9311234,-0.1999904,163,13.02166667
988,0,0,389,19.14
989,37.9766497,12.9626735,288,15.95666667
990,44.2298319,4.9856444,168,15.39833333
991,44.687649,8.809353,276,11.37666667
992,46.06098335,14.52631634,340,11.97916667
993,0,0,389,19.14
994,0,0,389,19.14
995,0,0,389,19.14
996,0,0,389,19.14
997,45.9591058,23.5699265,329,12.46833333
998,38.29501795,-122.4759997,441,18.57
999,45.0881742,8.0793353,274,14.3075
1000,34.0007493,-81.0343313,478,16.56
1001,47.5000001,16.4166666,248,12.15166667
1002,31.7818405,35.2145346,261,18.36583333
1003,38.9690189,-77.7355056,486,14.82
1004,45.3709391,4.812891133,174,13.15
1005,47.8742306,3.9810488,160,11.5575
1006,33.60377995,-7.382675697,321,18.72833333
1007,32.7469891,-117.2516124,443,18.09
1008,33.4709714,-81.9748429,452,16.62
1009,40.5600205,8.3151473,159,15.84333333
1010,0,0,389,19.14
1011,0,0,389,19.14
1012,-33.3117096,151.3120675,28,18.34666667
1013,0,0,389,19.14
1014,0,0,389,19.14
1015,45.7747824,14.21266359,340,11.97916667
1016,42.9743423,20.3678711,315,13.27833333
1017,0,0,389,19.14
1018,-28.9250648,-67.519583,102,21.7525
1019,42.8557157,13.8193355,284,13.34666667
1020,0,0,389,19.14
1021,39.3565832,-120.1821578,441,18.57
1022,0,0,389,19.14
1023,0,0,389,19.14
1024,46.8364292,4.716996,175,12.2625
1025,0,0,389,19.14
1026,40.7752504,9.1556518,264,15.0275
1027,-34.2848171,-70.8174816,102,21.7525
1028,0,0,389,19.14
1029,0,0,389,19.14
1030,43.6447642,-114.0154071,454,15.87
1031,38.2971367,-122.2855293,441,18.57
1032,44.9576705,-85.5155287,85,11.87916667
1033,-33.5808615,-71.6132377,102,21.7525
1034,0,0,389,19.14
1035,0,0,389,19.14
1036,0,0,389,19.14
1037,34.9823018,33.1451285,122,18.74333333
1038,-37.818726,144.96849,23,15.2975
1039,45.9070912,27.0898993,332,14.17166667
1040,44.8014957,0.3264929,158,13.35083333
1041,-34.9964963,-64.9672817,4,16.46666667
1042,-33.3117096,151.3120675,28,18.34666667
1043,0,0,389,19.14
1044,0,0,389,19.14
1045,0,0,389,19.14
1046,0,0,389,19.14
1047,40.9842539,16.6210027,263,15.06166667
1048,-36.2199595,148.1235462,28,18.34666667
1049,28.1188894,-15.42985,389,19.14
1050,0,0,389,19.14
1051,48.116066,-1.7055897,191,11.6675
1052,47.8152073,3.8001657,160,11.5575
1053,0,0,389,19.14
1054,30.8760272,35.0015196,139,19.80583333
1055,42.7007387,9.3645244,161,15.07
1056,45.171258,5.766319857,171,15.35666667
1057,49.4643175,1.0421717,197,11.49
1058,0,0,389,19.14
1059,39.3565832,-120.1821578,441,18.57
1060,43.7697164,11.2612205,281,14.45916667
1061,0,0,389,19.14
1062,45.4624294,4.7676199,174,13.15
1063,41.0273523,0.410599738,381,15.52
1064,45.0736769,-0.7905774,163,13.02166667
1065,0,0,389,19.14
1066,45.5264025,10.9410042,289,12.89166667
1067,44.815194,4.39865247,180,14.1375
1068,0,0,389,19.14
1069,47.2725916,0.8223418,196,12.0275
1070,38.99143565,-8.986650214,326,17.3475
1071,41.131518,14.645935,267,14.89166667
1072,-28.5256367,-70.869904,102,21.7525
1073,34.395342,-111.7632755,438,20.64
1074,43.95995,4.297637002,181,15.23
1075,39.3221089,-123.113059,473,15.72
1076,0,0,389,19.14
1077,47.2345894,-0.0003999,196,12.0275
1078,0,0,389,19.14
1079,0,0,389,19.14
1080,39.3565832,-120.1821578,441,18.57
1081,47.4645305,3.7443434,160,11.5575
1082,34.0007493,-81.0343313,478,16.56
1083,44.6993395,6.8687131,171,15.35666667
1084,0,0,389,19.14
1085,49.5114,3.18881,193,11.04
1086,0,0,389,19.14
1087,43.36165855,2.611803739,167,13.86916667
1088,-34.400088,-71.6182815,102,21.7525
1089,0,0,389,19.14
1090,0,0,389,19.14
1091,0,0,389,19.14
1092,-23.0053563,-43.3297952,4,16.46666667
1093,0,0,389,19.14
1094,38.2971367,-122.2855293,441,18.57
1095,46.9898792,4.8750771,170,12.18416667
1096,46.603354,1.8883335,164,12.14666667
1097,43.6447642,-114.0154071,454,15.87
1098,44.13497265,11.8473191,268,12.6425
1099,39.6725241,-75.5911629,470,14.28
1100,-41.23617985,175.2196902,322,13.87916667
1101,45.7631842,9.4718307,276,11.37666667
1102,-30.5343665,135.6301212,13,18.075
1103,47.238395,-0.1194553,196,12.0275
1104,21.2160437,-157.975203,453,19.38
1105,39.0930856,-9.260741,326,17.3475
1106,43.251196,26.5727944,328,14.0575
1107,39.3176491,-123.4126399,473,15.72
1108,42.18664255,-122.6968305,473,15.72
1109,0,0,389,19.14
1110,0,0,389,19.14
1111,38.2971367,-122.2855293,441,18.57
1112,0,0,389,19.14
1113,38.5110803,-122.8473388,441,18.57
1114,42.18664255,-122.6968305,473,15.72
1115,44.8534568,0.487531,158,13.35083333
1116,37.7979221,12.4342091,278,16.49583333
1117,42.8946178,2.9825507,189,14.73333333
1118,-37.7958476,-72.6515579,103,11.15833333
1119,-21.8361108,-45.401986,4,16.46666667
1120,0,0,389,19.14
1121,37.7579286,26.9746631,416,16.34833333
1122,45.5983455,8.4209035,404,13.17666667
1123,45.9082907,28.1943686,332,14.17166667
1124,40.85183135,25.81223552,416,16.34833333
1125,33.58458185,-111.8089768,438,20.64
1126,0,0,389,19.14
1127,46.3356506,8.753706,404,13.17666667
1128,0,0,389,19.14
1129,-38.1646794,144.3675677,23,15.2975
1130,45.1995626,-0.7484994,163,13.02166667
1131,40.6306023,22.0695972,313,13.54166667
1132,-33.741667,18.975,343,18.6975
1133,0,0,389,19.14
1134,-37.1677831,140.9458691,25,15.285
1135,0,0,389,19.14
1136,40.92417855,-8.544798225,327,14.8075
1137,44.963521,4.847545,180,14.1375
1138,0,0,389,19.14
1139,-34.9281805,138.5999312,13,18.075
1140,45.014606,2.0160796,179,13.82083333
1141,-23.0053563,-43.3297952,4,16.46666667
1142,43.0611964,10.6636293,271,15.18583333
1143,50.4712499,6.9486175,210,9.856666667
1144,46.368163,14.56734,340,11.97916667
1145,37.8828919,23.932256,246,15.715
1146,44.4250326,22.8712672,331,13.89666667
1147,0,0,389,19.14
1148,0,0,389,19.14
1149,40.4280217,22.928308,246,15.715
1150,-21.1849387,-46.9857309,4,16.46666667
1151,0,0,389,19.14
1152,-23.0053563,-43.3297952,4,16.46666667
1153,0,0,389,19.14
1154,43.9869336,-77.07080708,35,12.22583333
1155,41.860621,13.03309,283,13.9525
1156,44.8931452,-0.1560662,163,13.02166667
1157,38.01032755,-78.4523439,486,14.82
1158,47.1668909,4.9816856,170,12.18416667
1159,40.2379032,-4.1945535,390,17.24333333
1160,0,0,389,19.14
1161,39.5493629,-8.9798683,326,17.3475
1162,46.279805,4.7816133,175,12.2625
1163,46.9570394,4.7220264,170,12.18416667
1164,46.3338446,4.692127,175,12.2625
1165,0,0,389,19.14
1166,0,0,389,19.14
1167,0,0,389,19.14
1168,45.4439611,10.6236036,289,12.89166667
1169,47.0239064,4.8380426,170,12.18416667
1170,45.4889832,3.8949653,169,12.43416667
1171,46.564187,5.3193257,175,12.2625
1172,-33.3117096,151.3120675,28,18.34666667
1173,46.3338446,4.692127,175,12.2625
1174,38.2971367,-122.2855293,441,18.57
1175,0,0,389,19.14
1176,45.1123339,7.6597528,274,14.3075
1177,45.6256837,10.5596436,289,12.89166667
1178,0,0,389,19.14
1179,-33.9097432,18.8485064,343,18.6975
1180,43.65420305,3.67466994,181,15.23
1181,34.0007493,-81.0343313,478,16.56
1182,41.008718,14.958644,267,14.89166667
1183,38.7372778,-9.1305819,326,17.3475
1184,39.5680838,-1.2051778,392,16.25166667
1185,21.0426533,-102.6798646,316,18.67083333
1186,46.1580776,10.0411141,399,15.25
1187,43.6522222,-0.1491667,188,12.78833333
1188,47.2799577,5.0064695,170,12.18416667
1189,0,0,389,19.14
1190,46.2829122,4.7788492,175,12.2625
1191,0,0,389,19.14
1192,-33.9756043,20.7018685,343,18.6975
1193,-34.2136556,19.2113921,343,18.6975
1194,41.8082452,12.6803684,283,13.9525
1195,-23.0053563,-43.3297952,4,16.46666667
1196,0,0,389,19.14
1197,39.18473465,17.1070345,265,14.3425
1198,0,0,389,19.14
1199,38,-121.4,441,18.57
1200,42.28984785,2.97545249,362,14.36833333
1201,43.8139111,11.019155,281,14.45916667
1202,47.2929454,-0.5232988,185,13.01666667
1203,33.58458185,-111.8089768,438,20.64
1204,-12.4311074,130.9145236,19,20.29166667
1205,46.1811005,4.6652111,175,12.2625
1206,45.9844168,4.6618268,175,12.2625
1207,44.1641127,5.0051053,168,15.39833333
1208,47.281542,2.9583419,164,12.14666667
1209,0,0,389,19.14
1210,0,0,389,19.14
1211,46.2303063,7.6605757,402,14.77916667
1212,46.7212183,11.6536661,270,12.94916667
1213,-33.3117096,151.3120675,28,18.34666667
1214,0,0,389,19.14
1215,45.49489515,6.384660381,401,12.39666667
1216,42.9045622,17.47516868,30,12.24583333
1217,45.6209,9.768893,276,11.37666667
1218,0,0,389,19.14
1219,-34.2148808,18.4109938,343,18.6975
1220,40.8274575,14.1402297,273,15.625
1221,0,0,389,19.14
1222,32.6181234,-115.5690195,443,18.09
1223,38.2971367,-122.2855293,441,18.57
1224,0,0,389,19.14
1225,33.58458185,-111.8089768,438,20.64
1226,31.473003,-93.831742,457,16.56
1227,-31.8759835,147.2869493,28,18.34666667
1228,-33.7319741,-70.7419619,102,21.7525
1229,47.20799895,4.963889695,170,12.18416667
1230,38,-121.4,441,18.57
1231,-38.1492813,144.3598269,23,15.2975
1232,0,0,389,19.14
1233,44.8420413,20.4135417,334,12.79583333
1234,0,0,389,19.14
1235,0,0,389,19.14
1236,46.6585868,6.0869852,403,12.07416667
1237,41.288217,13.983119,273,15.625
1238,41.59298595,-6.728826923,380,15.53083333
1239,0,0,389,19.14
1240,0,0,389,19.14
1241,39.0440337,22.42196732,246,15.715
1242,-32.8897294,-68.8442956,102,21.7525
1243,39.3176491,-123.4126399,473,15.72
1244,0,0,389,19.14
1245,-31.5591667,18.3438889,343,18.6975
1246,39.3565832,-120.1821578,441,18.57
1247,0,0,389,19.14
1248,36.7213028,-4.4216366,375,17.88833333
1249,32.7469891,-117.2516124,443,18.09
1250,0,0,389,19.14
1251,0,0,389,19.14
1252,39.9804328,-2.8615799,372,16.68166667
1253,-34.4115921,19.20617768,343,18.6975
1254,42.9437813,16.91347631,30,12.24583333
1255,0,0,389,19.14
1256,44.900542,8.2068876,274,14.3075
1257,0,0,389,19.14
1258,48.2083537,16.3725042,248,12.15166667
1259,0,0,389,19.14
1260,0,0,389,19.14
1261,0,0,389,19.14
1262,38.5110803,-122.8473388,441,18.57
1263,47.2069405,4.967493302,170,12.18416667
1264,46.7547194,5.6269716,403,12.07416667
1265,-37.82033745,144.9846468,23,15.2975
1266,36.6816936,-6.1377402,368,17.72166667
1267,41.06739675,15.10117177,267,14.89166667
1268,0,0,389,19.14
1269,0,0,389,19.14
1270,37.4223981,-6.141708,353,18.8475
1271,33.58458185,-111.8089768,438,20.64
1272,0,0,389,19.14
1273,0,0,389,19.14
1274,36.7890461,-6.3462744,359,18.12
1275,45.5625404,-122.6665296,474,12.66
1276,0,0,389,19.14
1277,48.428501,12.056571,242,11.73583333
1278,0,0,389,19.14
1279,-32.9400667,-60.7031706,4,16.46666667
1280,0,0,389,19.14
1281,42.18664255,-122.6968305,473,15.72
1282,49.7261485,6.6205705,240,10.68
1283,0,0,389,19.14
1284,-41.8529115,173.6964424,322,13.87916667
1285,0,0,389,19.14
1286,46.3036683,4.8322266,175,12.2625
1287,44.1218644,5.0301694,168,15.39833333
1288,45.3442868,-122.6670374,474,12.66
1289,33.58458185,-111.8089768,438,20.64
1290,44.9560756,-0.2104434,163,13.02166667
1291,42.6053622,12.1876584,291,15.23083333
1292,46.44937835,4.843668458,175,12.2625
1293,0,0,389,19.14
1294,55.001251,-125.002441,75,10.92
1295,47.163835,4.5172082,170,12.18416667
1296,0,0,389,19.14
1297,0,0,389,19.14
1298,0,0,389,19.14
1299,41.0674998,-8.237269437,327,14.8075
1300,0,0,389,19.14
1301,0,0,389,19.14
1302,-45.1299859,169.5248818,322,13.87916667
1303,50.1241483,8.0912155,219,10.6525
1304,47.8989887,20.3743665,249,12.98
1305,46.9451362,4.7404005,170,12.18416667
1306,45.6582406,10.9025042,289,12.89166667
1307,47.51815895,0.128582332,196,12.0275
1308,45.8870267,12.2906221,287,12.69833333
1309,46.3584804,4.832463,175,12.2625
1310,39.6214952,-84.198677,455,14.79
1311,37.1232245,-78.4927721,463,15.81
1312,0,0,389,19.14
1313,-36.7588767,144.2825931,23,15.2975
1314,0,0,389,19.14
1315,0,0,389,19.14
1316,0,0,389,19.14
1317,0,0,389,19.14
1318,38,-121.4,441,18.57
1319,46.4385322,4.8096295,175,12.2625
1320,45.629289,18.8138603,30,12.24583333
1321,-23.0053563,-43.3297952,4,16.46666667
1322,0,0,389,19.14
1323,46.7831191,4.7432564,175,12.2625
1324,37.96299085,22.73334237,246,15.715
1325,0,0,389,19.14
1326,-28.4688963,-65.7790753,102,21.7525
1327,0,0,389,19.14
1328,-33.3117096,151.3120675,28,18.34666667
1329,32.7469891,-117.2516124,443,18.09
1330,0,0,389,19.14
1331,0,0,389,19.14
1332,43.0573443,11.60890845,291,15.23083333
1333,45.9070215,12.0918342,270,12.94916667
1334,0,0,389,19.14
1335,-33.6509493,-69.1555479,4,16.46666667
1336,39.3565832,-120.1821578,441,18.57
1337,45.30235545,11.80507605,289,12.89166667
1338,0,0,389,19.14
1339,47.0244707,28.8322534,318,12.78083333
1340,33.95505255,-96.95711724,482,17.58
1341,45.3442868,-122.6670374,474,12.66
1342,-38.661326,178.0206487,322,13.87916667
1343,32.7469891,-117.2516124,443,18.09
1344,-35.1139703,-71.2799798,103,11.15833333
1345,38.2971367,-122.2855293,441,18.57
1346,-23.0053563,-43.3297952,4,16.46666667
1347,0,0,389,19.14
1348,-33.3117096,151.3120675,28,18.34666667
1349,-30.5343665,135.6301212,13,18.075
1350,45.4202303,11.247722,289,12.89166667
1351,0,0,389,19.14
1352,47.1955052,4.9623167,170,12.18416667
1353,-23.0053563,-43.3297952,4,16.46666667
1354,40.6065982,-6.0387627,382,16.5475
1355,41.4952867,2.2942758,355,15.6725
1356,49.6728328,6.4379836,240,10.68
1357,0,0,389,19.14
1358,-34.0283333,18.4155556,343,18.6975
1359,55.3500003,23.7499997,309,10.13083333
1360,38.246242,21.7350847,246,15.715
1361,39.3565832,-120.1821578,441,18.57
1362,43.0774282,11.4928801,291,15.23083333
1363,39.3262345,-4.8380649,390,17.24333333
1364,0,0,389,19.14
1365,34.0007493,-81.0343313,478,16.56
1366,40.4030526,-3.6756934,374,17.26333333
1367,0,0,389,19.14
1368,47.1623246,4.95287345,170,12.18416667
1369,46.2243172,-0.1992199,185,13.01666667
1370,0,0,389,19.14
1371,0,0,389,19.14
1372,44.5327805,-0.341386,163,13.02166667
1373,44.6360817,-0.3173533,163,13.02166667
1374,47.07374645,4.852580676,170,12.18416667
1375,38,-121.4,441,18.57
1376,0,0,389,19.14
1377,-34.592193,19.759556,343,18.6975
1378,0,0,389,19.14
1379,38,-121.4,441,18.57
1380,0,0,389,19.14
1381,41.3377248,-1.2248826,397,16.39416667
1382,32.7469891,-117.2516124,443,18.09
1383,0,0,389,19.14
1384,19.588056,-98.5975,316,18.67083333
1385,0,0,389,19.14
1386,0,0,389,19.14
1387,-27.0628367,-51.114965,4,16.46666667
1388,43.9024768,5.2920876,168,15.39833333
1389,50.37476565,-118.9638465,57,11.76
1390,45.5449404,1.0413194,173,12.3275
1391,0,0,389,19.14
1392,47.4618006,-1.180888461,183,12.37916667
1393,0,0,389,19.14
1394,47.2500001,15.1666665,340,11.97916667
1395,0,0,389,19.14
1396,37.9986435,40.1261423,414,16.55083333
1397,46.9457247,4.742291,170,12.18416667
1398,-39.5994033,176.711276,322,13.87916667
1399,0,0,389,19.14
1400,49.0527062,4.8646474,190,11.15
1401,34.0007493,-81.0343313,478,16.56
1402,40.4167047,-3.7035825,374,17.26333333
1403,39.9088688,25.14996079,246,15.715
1404,42.8918739,12.6500673,279,13.53666667
1405,-38.00353045,175.9578526,322,13.87916667
1406,0,0,389,19.14
1407,-25.1076701,-64.3494964,102,21.7525
1408,0,0,389,19.14
1409,45.59955195,10.10668576,280,12.80666667
1410,0,0,389,19.14
1411,0,0,389,19.14
1412,38.6272781,-8.929688654,326,17.3475
1413,42.18664255,-122.6968305,473,15.72
1414,43.0326295,-79.1060829,80,12.74916667
1415,0,0,389,19.14
1416,38.0118018,28.50122132,416,16.34833333
1417,47.88822,16.5810037,248,12.15166667
1418,47.3669664,4.9988007,170,12.18416667
1419,41.7217149,-82.8201872,100,12.52416667
1420,45.5833024,7.8104064,402,14.77916667
1421,38.646806,34.8491554,410,15.56333333
1422,-23.0053563,-43.3297952,4,16.46666667
1423,45.5625404,-122.6665296,474,12.66
1424,43.7451394,26.7662326,328,14.0575
1425,41.4129785,-4.9597533,393,16.245
1426,0,0,389,19.14
1427,37.2528536,22.2326024,246,15.715
1428,0,0,389,19.14
1429,-32.5980702,149.5886383,28,18.34666667
1430,-37.7086031,144.5464988,23,15.2975
1431,45.8002684,21.2920014,334,12.79583333
1432,0,0,389,19.14
1433,42.1955357,19.29159022,1,16.16333333
1434,34.0007493,-81.0343313,478,16.56
1435,0,0,389,19.14
1436,44.5000737,8.903381535,274,14.3075
1437,44.795,0.4925,158,13.35083333
1438,-28.8476607,-66.9304252,102,21.7525
1439,0,0,389,19.14
1440,0,0,389,19.14
1441,49.7874798,7.4869735,219,10.6525
1442,0,0,389,19.14
1443,0,0,389,19.14
1444,-33.285059,19.140667,343,18.6975
1445,0,0,389,19.14
1446,0,0,389,19.14
1447,38.5110803,-122.8473388,441,18.57
1448,39.3565832,-120.1821578,441,18.57
1449,0,0,389,19.14
1450,-33.3117096,151.3120675,28,18.34666667
1451,-32.6683333,152.1383333,28,18.34666667
1452,0,0,389,19.14
1453,41.9467657,-7.4491474,380,15.53083333
1454,46.3080413,4.7138246,175,12.2625
1455,40.72688165,13.90954743,273,15.625
1456,0,0,389,19.14
1457,-28.5359421,151.948828,26,19.985
1458,42.52505,3.0831554,189,14.73333333
1459,0,0,389,19.14
1460,46.2349145,6.6554021,401,12.39666667
1461,47.0478752,4.8666174,170,12.18416667
1462,0,0,389,19.14
1463,40.6619891,14.6983538,273,15.625
1464,0,0,389,19.14
1465,0,0,389,19.14
1466,-36.4876004,-72.7023316,103,11.15833333
1467,0,0,389,19.14
1468,45.6414055,10.6118798,289,12.89166667
1469,0,0,389,19.14
1470,-33.909167,19.119444,343,18.6975
1471,0,0,389,19.14
1472,40.0337881,23.4751986,246,15.715
1473,0,0,389,19.14
1474,0,0,389,19.14
1475,38.0085107,-78.6086754,486,14.82
1476,-33.0414407,-71.644855,102,21.7525
1477,46.32336235,10.25841367,399,15.25
1478,-43.1052329,172.7679265,322,13.87916667
1479,-34.9059039,-56.1913569,4,16.46666667
1480,0,0,389,19.14
1481,46.3098212,4.784542,175,12.2625
1482,42.9388295,17.33849,30,12.24583333
1483,42.7683568,2.8709277,189,14.73333333
1484,0,0,389,19.14
1485,42.6330392,25.3363439,31,12.63666667
1486,47.1585795,4.9547623,170,12.18416667
1487,47.1499101,4.8899102,170,12.18416667
1488,40.779442,21.407594,313,13.54166667
1489,37.099983,-79.159762,463,15.81
1490,40.6379314,14.4021601,273,15.625
1491,0,0,389,19.14
1492,42.3788774,-72.032366,458,14.07
1493,38.7991807,-9.446217,326,17.3475
1494,40.6395295,17.945526,265,14.3425
1495,0,0,389,19.14
1496,38.2971367,-122.2855293,441,18.57
1497,0,0,389,19.14
1498,40.0984424,23.8778558,246,15.715
1499,0,0,389,19.14
1500,-35.9671286,-72.315427,103,11.15833333
1501,-35.5082015,138.4777419,13,18.075
1502,0,0,389,19.14
1503,-42.99605,146.05494,17,15.2725
1504,0,0,389,19.14
1505,46.2347371,4.7114718,175,12.2625
1506,0,0,389,19.14
1507,0,0,389,19.14
1508,45.3956194,6.5749874,171,15.35666667
1509,54.3014601,13.11035685,206,10.26083333
1510,45.6286888,10.8083183,289,12.89166667
1511,38.9597594,34.9249653,410,15.56333333
1512,46.279561,4.7786921,175,12.2625
1513,0,0,389,19.14
1514,47.27808725,4.222486304,170,12.18416667
1515,-33.3117096,151.3120675,28,18.34666667
1516,45.3442868,-122.6670374,474,12.66
1517,34.0007493,-81.0343313,478,16.56
1518,46.102817,11.1295431,289,12.89166667
1519,45.5625404,-122.6665296,474,12.66
1520,0,0,389,19.14
1521,0,0,389,19.14
1522,37.751428,-87.139672,479,15.72
1523,41.8523094,1.5745043,356,15.84583333
1524,38.2971367,-122.2855293,441,18.57
1525,-31.7613365,-71.3187697,102,21.7525
1526,0,0,389,19.14
1527,41.117055,1.2110712,381,15.52
1528,-34.7743888,-55.7605883,4,16.46666667
1529,0,0,389,19.14
1530,38.5110803,-122.8473388,441,18.57
1531,43.7096644,-0.8313243,188,12.78833333
1532,43.513847,16.451105,29,12.57416667
1533,0,0,389,19.14
1534,40.0657724,-79.8918436,476,13.62
1535,38.2971367,-122.2855293,441,18.57
1536,48.24917645,7.407469952,195,11.26333333
1537,38.5110803,-122.8473388,441,18.57
1538,45.6500048,-0.1060768,185,13.01666667
1539,44.525696,11.039437,289,12.89166667
1540,44.841225,-0.5800364,163,13.02166667
1541,40.9466441,22.4519413,246,15.715
1542,0,0,389,19.14
1543,-33.3117096,151.3120675,28,18.34666667
1544,0,0,389,19.14
1545,43.3932476,11.3086645,281,14.45916667
1546,38.7009848,-28.2103157,325,15.9925
1547,44.61743555,4.751423099,180,14.1375
1548,-34.727836,-71.6440839,103,11.15833333
1549,40.7346008,8.5651511,159,15.84333333
1550,0,0,389,19.14
1551,37.587794,14.155048,272,17.32
1552,48.38071295,16.5246643,335,11.76333333
1553,38.2971367,-122.2855293,441,18.57
1554,0,0,389,19.14
1555,46.506425,4.7968947,175,12.2625
1556,43.840295,1.390285,179,13.82083333
1557,0,0,389,19.14
1558,46.3432975,4.7225733,175,12.2625
1559,43.0520442,10.88953898,271,15.18583333
1560,0,0,389,19.14
1561,0,0,389,19.14
1562,46.2798941,4.7441091,175,12.2625
1563,42.9686517,2.5484271,167,13.86916667
1564,40.4238379,15.0069514,277,15.12833333
1565,-34.82047925,149.5968262,28,18.34666667
1566,0,0,389,19.14
1567,42.7683568,2.8709277,189,14.73333333
1568,-30.5343665,135.6301212,13,18.075
1569,45.9017014,12.0989141,270,12.94916667
1570,38.7251776,-105.6077167,445,18.96
1571,48.3248019,16.4289809,129,11.51083333
1572,40.033265,-7.8896263,327,14.8075
1573,47.7550518,-1.3602204,191,11.6675
1574,49.4871968,31.2718321,423,11.0075
1575,0,0,389,19.14
1576,38.5824771,39.396179,414,16.55083333
1577,39.2074811,26.1342123,416,16.34833333
1578,40.1762608,18.0306371,265,14.3425
1579,38.2971367,-122.2855293,441,18.57
1580,0,0,389,19.14
1581,33.58458185,-111.8089768,438,20.64
1582,36.8114196,22.84027251,246,15.715
1583,0,0,389,19.14
1584,0,0,389,19.14
1585,48.1235534,21.4113895,337,11.31083333
1586,-33.3117096,151.3120675,28,18.34666667
1587,45.060735,7.923549,274,14.3075
1588,39.19109015,-1.596479305,349,17.0325
1589,42.9486816,13.7075338,284,13.34666667
1590,39.3263729,8.7394162,266,15.9175
1591,45.50919,10.38676,289,12.89166667
1592,46.2629798,4.790294788,175,12.2625
1593,34.0007493,-81.0343313,478,16.56
1594,43.3262785,10.6269946,281,14.45916667
1595,0,0,389,19.14
1596,47.3813375,1.0175723,196,12.0275
1597,45.6487994,4.3378697,174,13.15
1598,-23.0053563,-43.3297952,4,16.46666667
1599,-41.2183252,175.4594856,322,13.87916667
1600,0,0,389,19.14
1601,45.0572975,4.6927444,180,14.1375
1602,0,0,389,19.14
1603,-23.0053563,-43.3297952,4,16.46666667
1604,40.7303238,13.8944287,273,15.625
1605,37.672068,21.4367838,246,15.715
1606,-33.3117096,151.3120675,28,18.34666667
1607,43.1480413,-7.2973507,380,15.53083333
1608,36.6626521,-75.9346486,462,16.05
1609,0,0,389,19.14
1610,45.9970608,13.4415949,287,12.69833333
1611,45.5601883,-123.0587907,474,12.66
1612,43.2871825,-0.3896425,188,12.78833333
1613,-23.0053563,-43.3297952,4,16.46666667
1614,46.8161324,4.752091534,175,12.2625
1615,45.8017074,21.5092923,334,12.79583333
1616,0,0,389,19.14
1617,0,0,389,19.14
1618,46.2216457,13.2583735,287,12.69833333
1619,38.5110803,-122.8473388,441,18.57
1620,0,0,389,19.14
1621,0,0,389,19.14
1622,37.0388525,-4.5302423,375,17.88833333
1623,-33.29356,18.5993825,343,18.6975
1624,47.0653471,4.8596328,170,12.18416667
1625,47.3307349,-0.6696313,172,12.51916667
1626,39.0565974,16.5249864,275,16.42583333
1627,38.0497852,-1.6703391,376,17.46666667
1628,-31.5031551,-68.5921874,102,21.7525
1629,0,0,389,19.14
1630,-33.3117096,151.3120675,28,18.34666667
1631,38.29501795,-122.4759997,441,18.57
1632,45.9446111,1.4299017,173,12.3275
1633,31.8160381,-99.5120986,484,17.85
1634,42.9604715,1.0924298,179,13.82083333
1635,46.1920243,4.6981214,175,12.2625
1636,42.8598793,13.5703296,284,13.34666667
1637,45.6142424,8.3711382,404,13.17666667
1638,-23.0053563,-43.3297952,4,16.46666667
1639,0,0,389,19.14
1640,0,0,389,19.14
1641,37.5726028,-85.1551411,479,15.72
1642,-23.0053563,-43.3297952,4,16.46666667
1643,41.78676275,-1.505818961,397,16.39416667
1644,42.0883878,0.099404129,370,16.25916667
1645,44.0064561,12.6202748,268,12.6425
1646,47.9366799,16.2202861,248,12.15166667
1647,0,0,389,19.14
1648,40.2837271,15.5381541,277,15.12833333
1649,0,0,389,19.14
1650,46.4738658,4.807747,175,12.2625
1651,0,0,389,19.14
1652,0,0,389,19.14
1653,44.0553336,4.8312888,168,15.39833333
1654,45.046232,-0.672885094,163,13.02166667
1655,38.55904115,14.83589061,275,16.42583333
1656,43.3079868,5.3816721,176,15.80583333
1657,37.9714428,23.7699608,246,15.715
1658,-33.3117096,151.3120675,28,18.34666667
1659,46.0069424,10.7896444,289,12.89166667
1660,0,0,389,19.14
1661,0,0,389,19.14
1662,0,0,389,19.14
1663,0,0,389,19.14
1664,44.645317,-0.3177631,163,13.02166667
1665,0,0,389,19.14
1666,0,0,389,19.14
1667,41.2628863,15.900476,263,15.06166667
1668,46.9165047,4.5013955,170,12.18416667
1669,31.1728205,-7.3362482,321,18.72833333
1670,0,0,389,19.14
1671,0,0,389,19.14
1672,38.9953683,21.9877132,246,15.715
1673,-41.5000831,172.8344077,322,13.87916667
1674,47.8133804,3.7692048,160,11.5575
1675,-30.4149536,-56.458962,4,16.46666667
1676,47.1817585,19.5060937,247,12.1875
1677,-29.5495971,30.2941723,342,18.71333333
1678,42.8102692,2.5935825,189,14.73333333
1679,0,0,389,19.14
1680,44.8919266,-0.502713,163,13.02166667
1681,-33.4586836,-70.6527425,102,21.7525
1682,-33.6121783,-71.4508924,102,21.7525
1683,0,0,389,19.14
1684,48.11096895,16.85670175,335,11.76333333
1685,39.6462485,-8.2413418,326,17.3475
1686,39.6214952,-84.198677,455,14.79
1687,-36.5986096,144.6780052,23,15.2975
1688,-33.802222,19.883611,343,18.6975
1689,38.51736365,-8.896340729,326,17.3475
1690,34.0007493,-81.0343313,478,16.56
1691,38.5110803,-122.8473388,441,18.57
1692,0,0,389,19.14
1693,0,0,389,19.14
1694,0,0,389,19.14
1695,-37.87437,146.9114504,23,15.2975
1696,-34.2718634,-70.9938223,102,21.7525
1697,0,0,389,19.14
1698,-34.0848266,151.007392,28,18.34666667
1699,47.078957,4.853803,170,12.18416667
1700,39.8947332,18.2162707,265,14.3425
1701,0,0,389,19.14
1702,0,0,389,19.14
1703,0,0,389,19.14
1704,0,0,389,19.14
1705,40.500571,16.081953,277,15.12833333
1706,-36.039985,146.5197992,28,18.34666667
1707,0,0,389,19.14
1708,0,0,389,19.14
1709,-23.0053563,-43.3297952,4,16.46666667
1710,46.9032368,5.7727084,162,11.4175
1711,0,0,389,19.14
1712,43.8511862,10.6676214,281,14.45916667
1713,0,0,389,19.14
1714,47.1752753,4.9554317,170,12.18416667
1715,43.1654577,-79.4751839,88,12.74916667
1716,0,0,389,19.14
1717,43.5698808,13.5513259,279,13.53666667
1718,0,0,389,19.14
1719,-32.4745294,148.8368619,28,18.34666667
1720,0,0,389,19.14
1721,38.8509694,23.1256502,246,15.715
1722,39.8560679,-4.0239568,390,17.24333333
1723,47.3151609,-0.6004098,172,12.51916667
1724,41.9216734,-93.3122705,465,15.12
1725,-33.3117096,151.3120675,28,18.34666667
1726,45.2642784,-0.7706847,163,13.02166667
1727,44.687649,8.809353,276,11.37666667
1728,44.753007,11.009671,289,12.89166667
1729,39.5158825,-116.8537227,467,17.67
1730,38.2971367,-122.2855293,441,18.57
1731,44.678428,8.2231367,274,14.3075
1732,38.5110803,-122.8473388,441,18.57
1733,0,0,389,19.14
1734,42.18664255,-122.6968305,473,15.72
1735,0,0,389,19.14
1736,40.8214568,14.4258161,273,15.625
1737,50.3638081,7.5592278,210,9.856666667
1738,0,0,389,19.14
1739,38.5110803,-122.8473388,441,18.57
1740,-33.3117096,151.3120675,28,18.34666667
1741,0,0,389,19.14
1742,43.7436371,4.795125,168,15.39833333
1743,0,0,389,19.14
1744,43.3416104,17.8030427,30,12.24583333
1745,44.5990718,-72.5002608,47,12.33833333
1746,0,0,389,19.14
1747,46.151042,13.055904,287,12.69833333
1748,0,0,389,19.14
1749,-33.3117096,151.3120675,28,18.34666667
1750,-35.0641302,138.8586385,13,18.075
1751,0,0,389,19.14
1752,44.66614,7.930735,274,14.3075
1753,43.7043073,11.1048413,281,14.45916667
1754,0,0,389,19.14
1755,40.7939323,26.1425009,416,16.34833333
1756,-35.36206,143.5126865,24,19.26333333
1757,45.3582108,11.2860916,289,12.89166667
1758,43.9792797,-120.737257,475,15.87
1759,-33.7328646,-70.7812358,102,21.7525
1760,32.8616632,35.2640128,260,18.80666667
1761,45.3442868,-122.6670374,474,12.66
1762,4.9119511,-52.2591469,477,19.11
1763,46.77684255,15.66619679,117,11.46333333
1764,-14.0634905,-75.7294026,102,21.7525
1765,-43.4603449,172.5760804,322,13.87916667
1766,42.8102692,2.5935825,189,14.73333333
1767,45.7788246,12.7367108,287,12.69833333
1768,0,0,389,19.14
1769,45.4371908,12.3345898,287,12.69833333
1770,48.67681335,2.165424881,197,11.49
1771,38.9620834,-9.1894827,326,17.3475
1772,-36.718805,142.2209509,25,15.285
1773,-33.3117096,151.3120675,28,18.34666667
1774,45.5625404,-122.6665296,474,12.66
1775,0,0,389,19.14
1776,33.2120673,35.7877991,308,17.37583333
1777,40.2716808,18.0502517,265,14.3425
1778,45.8093124,10.3328723,289,12.89166667
1779,38,-121.4,441,18.57
1780,38.7077507,-9.1365919,326,17.3475
1781,-33.3117096,151.3120675,28,18.34666667
1782,-33.1811161,-68.614301,4,16.46666667
1783,45.0564852,-0.7736381,163,13.02166667
1784,0,0,389,19.14
1785,38,-121.4,441,18.57
1786,-32.7797064,151.3432779,28,18.34666667
1787,41.9533522,-3.4780483,388,16.21416667
1788,46.2116398,12.4131488,270,12.94916667
1789,44.698146,8.521847,274,14.3075
1790,-34.7523871,149.7198009,28,18.34666667
1791,46.3223895,4.7673832,175,12.2625
1792,39.9088688,25.14996079,246,15.715
1793,-37.3391407,-72.4106825,103,11.15833333
1794,32.7469891,-117.2516124,443,18.09
1795,0,0,389,19.14
1796,-23.3161458,-65.7595288,102,21.7525
1797,40.61887125,14.91110315,277,15.12833333
1798,-23.0053563,-43.3297952,4,16.46666667
1799,20.216667,74.083333,256,19.42
1800,0,0,389,19.14
